Device ID,X,Y,Z,Device Type,Time
Device_1,2.9166,3.6103,24.0559,Tracking Tag,2024-06-12 02:54:41
Device_1,2.7404,3.6259,22.3217,Tracking Tag,2024-06-12 02:54:42
Device_1,4.722,2.2531,22.6412,Tracking Tag,2024-06-12 02:54:43
Device_1,6.6672,1.4686,23.1247,Tracking Tag,2024-06-12 02:54:44
Device_1,5.8728,0.5087,24.3136,Tracking Tag,2024-06-12 02:54:45
Device_1,6.4333,2.1421,24.928,Tracking Tag,2024-06-12 02:54:46
Device_1,7.2968,3.0518,24.6337,Tracking Tag,2024-06-12 02:54:47
Device_1,7.7464,3.8167,25.0,Tracking Tag,2024-06-12 02:54:48
Device_1,7.9128,3.1741,25.0,Tracking Tag,2024-06-12 02:54:49
Device_1,8.1185,2.0865,25.0,Tracking Tag,2024-06-12 02:54:50
Device_1,7.4484,1.0862,24.9843,Tracking Tag,2024-06-12 02:54:51
Device_1,7.9453,1.3642,24.7335,Tracking Tag,2024-06-12 02:54:52
Device_1,9.0739,2.066,25.0,Tracking Tag,2024-06-12 02:54:53
Device_1,10.3772,0.5568,24.8781,Tracking Tag,2024-06-12 02:54:54
Device_1,11.4052,1.3806,24.2843,Tracking Tag,2024-06-12 02:54:55
Device_1,13.1194,1.5289,24.9292,Tracking Tag,2024-06-12 02:54:56
Device_1,14.184,1.6156,25.0,Tracking Tag,2024-06-12 02:54:57
Device_1,12.5459,0.7899,25.0,Tracking Tag,2024-06-12 02:54:58
Device_1,11.2153,1.4889,25.0,Tracking Tag,2024-06-12 02:54:59
Device_1,12.334,0.9471,23.0889,Tracking Tag,2024-06-12 02:55:00
Device_1,11.5192,2.0241,21.7052,Tracking Tag,2024-06-12 02:55:01
Device_1,10.8339,3.9431,22.9564,Tracking Tag,2024-06-12 02:55:02
Device_1,11.5163,5.7623,22.7155,Tracking Tag,2024-06-12 02:55:03
Device_1,13.1218,7.4959,20.9482,Tracking Tag,2024-06-12 02:55:04
Device_1,13.1877,8.3509,22.1971,Tracking Tag,2024-06-12 02:55:05
Device_1,11.4334,6.4648,22.6692,Tracking Tag,2024-06-12 02:55:06
Device_1,12.1544,5.9925,22.2587,Tracking Tag,2024-06-12 02:55:07
Device_1,13.1436,6.1971,22.145,Tracking Tag,2024-06-12 02:55:08
Device_1,11.3456,5.0239,23.6991,Tracking Tag,2024-06-12 02:55:09
Device_1,12.2269,5.7454,22.4449,Tracking Tag,2024-06-12 02:55:10
Device_1,10.2814,4.9135,20.7285,Tracking Tag,2024-06-12 02:55:11
Device_1,8.4766,6.8758,18.9757,Tracking Tag,2024-06-12 02:55:12
Device_1,7.3163,7.0543,17.3632,Tracking Tag,2024-06-12 02:55:13
Device_1,6.1114,7.5923,15.7309,Tracking Tag,2024-06-12 02:55:14
Device_1,7.2047,6.1253,15.7672,Tracking Tag,2024-06-12 02:55:15
Device_1,7.5209,5.368,13.9206,Tracking Tag,2024-06-12 02:55:16
Device_1,7.577,5.5674,15.8145,Tracking Tag,2024-06-12 02:55:17
Device_1,6.1684,5.1983,15.6479,Tracking Tag,2024-06-12 02:55:18
Device_1,4.5017,6.601,14.2315,Tracking Tag,2024-06-12 02:55:19
Device_1,5.2322,6.5929,12.926,Tracking Tag,2024-06-12 02:55:20
Device_1,5.7564,5.8735,12.7957,Tracking Tag,2024-06-12 02:55:21
Device_1,5.3809,5.1332,12.3537,Tracking Tag,2024-06-12 02:55:22
Device_1,5.2896,5.5306,12.1415,Tracking Tag,2024-06-12 02:55:23
Device_1,5.8285,6.4366,11.3019,Tracking Tag,2024-06-12 02:55:24
Device_1,5.152,8.1998,11.6414,Tracking Tag,2024-06-12 02:55:25
Device_1,6.035,7.015,13.3003,Tracking Tag,2024-06-12 02:55:26
Device_1,4.8985,7.3059,12.0464,Tracking Tag,2024-06-12 02:55:27
Device_1,5.9367,6.8584,13.8694,Tracking Tag,2024-06-12 02:55:28
Device_1,4.0877,5.5243,15.4188,Tracking Tag,2024-06-12 02:55:29
Device_1,5.8884,4.9037,16.5794,Tracking Tag,2024-06-12 02:55:30
Device_1,5.813,5.4135,18.1814,Tracking Tag,2024-06-12 02:55:31
Device_1,7.3151,6.0938,17.8053,Tracking Tag,2024-06-12 02:55:32
Device_1,7.9514,7.0505,19.2757,Tracking Tag,2024-06-12 02:55:33
Device_1,6.4639,6.7228,17.4186,Tracking Tag,2024-06-12 02:55:34
Device_1,4.5761,8.4504,18.5335,Tracking Tag,2024-06-12 02:55:35
Device_1,3.6496,8.97,17.2687,Tracking Tag,2024-06-12 02:55:36
Device_1,1.6629,7.2443,17.8908,Tracking Tag,2024-06-12 02:55:37
Device_1,0.5651,6.6723,18.1592,Tracking Tag,2024-06-12 02:55:38
Device_1,1.6352,5.6518,18.5762,Tracking Tag,2024-06-12 02:55:39
Device_1,1.3317,6.9721,18.3151,Tracking Tag,2024-06-12 02:55:40
Device_1,1.0737,8.2763,18.0422,Tracking Tag,2024-06-12 02:55:41
Device_1,2.4735,10.0906,18.0153,Tracking Tag,2024-06-12 02:55:42
Device_1,1.3315,10.8111,19.4323,Tracking Tag,2024-06-12 02:55:43
Device_1,0.0,11.8175,19.8675,Tracking Tag,2024-06-12 02:55:44
Device_1,0.151,11.1114,19.3513,Tracking Tag,2024-06-12 02:55:45
Device_1,1.2227,12.4199,18.3902,Tracking Tag,2024-06-12 02:55:46
Device_1,2.3014,11.8969,16.6072,Tracking Tag,2024-06-12 02:55:47
Device_1,2.5995,12.239,15.5269,Tracking Tag,2024-06-12 02:55:48
Device_1,3.4185,11.5369,14.931,Tracking Tag,2024-06-12 02:55:49
Device_1,5.402,12.1688,13.94,Tracking Tag,2024-06-12 02:55:50
Device_1,6.4049,11.2321,14.7611,Tracking Tag,2024-06-12 02:55:51
Device_1,7.6422,11.1887,13.7845,Tracking Tag,2024-06-12 02:55:52
Device_1,8.05,11.8874,13.8542,Tracking Tag,2024-06-12 02:55:53
Device_1,8.6047,13.7998,15.5807,Tracking Tag,2024-06-12 02:55:54
Device_1,10.1588,15.5318,13.6685,Tracking Tag,2024-06-12 02:55:55
Device_1,11.6258,13.8433,15.2962,Tracking Tag,2024-06-12 02:55:56
Device_1,11.0305,13.2343,15.8418,Tracking Tag,2024-06-12 02:55:57
Device_1,11.4622,14.1232,16.7567,Tracking Tag,2024-06-12 02:55:58
Device_1,10.8866,13.1471,15.2113,Tracking Tag,2024-06-12 02:55:59
Device_1,10.7404,14.1385,14.6114,Tracking Tag,2024-06-12 02:56:00
Device_1,10.5299,15.1044,14.1521,Tracking Tag,2024-06-12 02:56:01
Device_1,12.0443,13.5824,13.4486,Tracking Tag,2024-06-12 02:56:02
Device_1,13.7193,14.4574,11.8916,Tracking Tag,2024-06-12 02:56:03
Device_1,13.5057,13.4849,11.7123,Tracking Tag,2024-06-12 02:56:04
Device_1,11.5497,11.631,12.9636,Tracking Tag,2024-06-12 02:56:05
Device_1,13.1186,12.8562,11.6457,Tracking Tag,2024-06-12 02:56:06
Device_1,12.8355,12.6966,11.902,Tracking Tag,2024-06-12 02:56:07
Device_1,14.804,13.9508,10.0058,Tracking Tag,2024-06-12 02:56:08
Device_1,14.5817,13.2892,11.8329,Tracking Tag,2024-06-12 02:56:09
Device_1,14.4021,13.3673,11.0949,Tracking Tag,2024-06-12 02:56:10
Device_1,15.3117,13.3115,9.3792,Tracking Tag,2024-06-12 02:56:11
Device_1,16.6884,13.2282,11.1816,Tracking Tag,2024-06-12 02:56:12
Device_1,18.462,14.6653,9.6095,Tracking Tag,2024-06-12 02:56:13
Device_1,19.1379,15.8902,9.5866,Tracking Tag,2024-06-12 02:56:14
Device_1,20.9782,15.317,10.7882,Tracking Tag,2024-06-12 02:56:15
Device_1,19.4058,13.6508,8.8181,Tracking Tag,2024-06-12 02:56:16
Device_1,19.5543,12.1394,9.9061,Tracking Tag,2024-06-12 02:56:17
Device_1,19.2694,12.8359,11.7341,Tracking Tag,2024-06-12 02:56:18
Device_1,18.0069,14.6757,12.2669,Tracking Tag,2024-06-12 02:56:19
Device_1,18.1995,14.1905,13.4379,Tracking Tag,2024-06-12 02:56:20
Device_1,19.3637,14.5957,13.9322,Tracking Tag,2024-06-12 02:56:21
Device_1,19.0419,14.2992,15.8766,Tracking Tag,2024-06-12 02:56:22
Device_1,18.3279,16.2577,17.4969,Tracking Tag,2024-06-12 02:56:23
Device_1,16.7364,16.6554,17.9698,Tracking Tag,2024-06-12 02:56:24
Device_1,16.7056,18.215,18.7005,Tracking Tag,2024-06-12 02:56:25
Device_1,14.758,17.1927,17.6816,Tracking Tag,2024-06-12 02:56:26
Device_1,13.4551,17.2501,17.1781,Tracking Tag,2024-06-12 02:56:27
Device_1,12.9247,19.0665,15.8837,Tracking Tag,2024-06-12 02:56:28
Device_1,11.9798,18.0995,16.7527,Tracking Tag,2024-06-12 02:56:29
Device_1,10.3655,16.5494,18.0332,Tracking Tag,2024-06-12 02:56:30
Device_1,12.1284,18.2294,17.9768,Tracking Tag,2024-06-12 02:56:31
Device_1,12.2335,19.4057,18.1936,Tracking Tag,2024-06-12 02:56:32
Device_1,11.315,19.6455,18.4887,Tracking Tag,2024-06-12 02:56:33
Device_1,13.3025,20.795,17.5046,Tracking Tag,2024-06-12 02:56:34
Device_1,14.6803,21.952,16.4089,Tracking Tag,2024-06-12 02:56:35
Device_1,14.7115,23.5709,16.9714,Tracking Tag,2024-06-12 02:56:36
Device_1,16.4988,22.8093,15.7023,Tracking Tag,2024-06-12 02:56:37
Device_1,15.1521,21.4482,17.6885,Tracking Tag,2024-06-12 02:56:38
Device_1,15.5045,23.0481,15.9829,Tracking Tag,2024-06-12 02:56:39
Device_1,13.7257,23.8264,15.2868,Tracking Tag,2024-06-12 02:56:40
Device_1,13.8217,23.53,15.638,Tracking Tag,2024-06-12 02:56:41
Device_1,13.8825,23.2398,15.6476,Tracking Tag,2024-06-12 02:56:42
Device_1,13.3374,23.7061,15.9005,Tracking Tag,2024-06-12 02:56:43
Device_1,14.8924,21.8732,15.8404,Tracking Tag,2024-06-12 02:56:44
Device_1,13.2467,22.2396,15.6303,Tracking Tag,2024-06-12 02:56:45
Device_1,12.739,23.7756,17.1741,Tracking Tag,2024-06-12 02:56:46
Device_1,11.6997,23.3899,16.7336,Tracking Tag,2024-06-12 02:56:47
Device_1,13.1379,23.2274,16.5879,Tracking Tag,2024-06-12 02:56:48
Device_1,14.9279,24.0642,17.2932,Tracking Tag,2024-06-12 02:56:49
Device_1,14.309,25.0,15.7217,Tracking Tag,2024-06-12 02:56:50
Device_1,14.242,25.0,16.8849,Tracking Tag,2024-06-12 02:56:51
Device_1,14.9728,25.0,17.8373,Tracking Tag,2024-06-12 02:56:52
Device_1,15.0266,25.0,16.8229,Tracking Tag,2024-06-12 02:56:53
Device_1,15.5555,23.9081,14.9377,Tracking Tag,2024-06-12 02:56:54
Device_1,15.3096,25.0,14.8987,Tracking Tag,2024-06-12 02:56:55
Device_1,15.7854,25.0,14.9193,Tracking Tag,2024-06-12 02:56:56
Device_1,17.2189,25.0,16.894,Tracking Tag,2024-06-12 02:56:57
Device_1,15.4772,23.4255,16.537,Tracking Tag,2024-06-12 02:56:58
Device_1,16.1817,21.8241,15.9399,Tracking Tag,2024-06-12 02:56:59
Device_1,14.4252,22.723,16.7816,Tracking Tag,2024-06-12 02:57:00
Device_1,13.8433,22.001,17.5574,Tracking Tag,2024-06-12 02:57:01
Device_1,12.2856,23.2688,18.8606,Tracking Tag,2024-06-12 02:57:02
Device_1,13.6216,23.3321,20.3537,Tracking Tag,2024-06-12 02:57:03
Device_1,13.1537,24.0325,22.251,Tracking Tag,2024-06-12 02:57:04
Device_1,11.4688,23.334,21.6741,Tracking Tag,2024-06-12 02:57:05
Device_1,11.485,23.5676,20.1624,Tracking Tag,2024-06-12 02:57:06
Device_1,13.0253,23.0391,20.0586,Tracking Tag,2024-06-12 02:57:07
Device_1,13.1811,22.2776,20.4961,Tracking Tag,2024-06-12 02:57:08
Device_1,14.9748,23.1766,19.2765,Tracking Tag,2024-06-12 02:57:09
Device_1,16.7645,24.9404,17.8016,Tracking Tag,2024-06-12 02:57:10
Device_1,17.3461,25.0,19.7844,Tracking Tag,2024-06-12 02:57:11
Device_1,18.8609,23.5127,18.3179,Tracking Tag,2024-06-12 02:57:12
Device_1,20.8574,22.8143,19.2397,Tracking Tag,2024-06-12 02:57:13
Device_1,22.3121,21.7904,18.3013,Tracking Tag,2024-06-12 02:57:14
Device_1,24.2271,23.7792,18.9104,Tracking Tag,2024-06-12 02:57:15
Device_1,22.6416,25.0,20.3084,Tracking Tag,2024-06-12 02:57:16
Device_1,23.5719,24.7205,19.0367,Tracking Tag,2024-06-12 02:57:17
Device_1,22.6666,23.0252,18.5392,Tracking Tag,2024-06-12 02:57:18
Device_1,22.1447,21.8162,19.6275,Tracking Tag,2024-06-12 02:57:19
Device_1,21.4841,23.0286,19.7825,Tracking Tag,2024-06-12 02:57:20
Device_1,22.5477,24.4391,19.3871,Tracking Tag,2024-06-12 02:57:21
Device_1,23.0587,23.8302,19.3117,Tracking Tag,2024-06-12 02:57:22
Device_1,24.7853,24.1146,18.9945,Tracking Tag,2024-06-12 02:57:23
Device_1,25.0,23.4295,20.543,Tracking Tag,2024-06-12 02:57:24
Device_1,23.5565,21.9679,21.7927,Tracking Tag,2024-06-12 02:57:25
Device_1,24.3437,23.5955,20.1164,Tracking Tag,2024-06-12 02:57:26
Device_1,24.2109,25.0,19.2279,Tracking Tag,2024-06-12 02:57:27
Device_1,24.6479,25.0,18.2847,Tracking Tag,2024-06-12 02:57:28
Device_1,25.0,24.471,19.9299,Tracking Tag,2024-06-12 02:57:29
Device_1,23.7122,22.5162,20.5652,Tracking Tag,2024-06-12 02:57:30
Device_1,22.2051,22.8642,19.352,Tracking Tag,2024-06-12 02:57:31
Device_1,22.7446,22.3945,19.8465,Tracking Tag,2024-06-12 02:57:32
Device_1,24.5532,23.3853,18.8553,Tracking Tag,2024-06-12 02:57:33
Device_1,24.1408,24.9124,18.5664,Tracking Tag,2024-06-12 02:57:34
Device_1,22.9297,25.0,18.3623,Tracking Tag,2024-06-12 02:57:35
Device_1,24.5472,24.3817,17.3222,Tracking Tag,2024-06-12 02:57:36
Device_1,22.9929,24.0423,18.3144,Tracking Tag,2024-06-12 02:57:37
Device_1,21.5892,23.5474,16.7343,Tracking Tag,2024-06-12 02:57:38
Device_1,23.2443,23.8225,16.4701,Tracking Tag,2024-06-12 02:57:39
Device_1,23.0441,25.0,16.0694,Tracking Tag,2024-06-12 02:57:40
Device_1,24.6092,24.7048,16.7986,Tracking Tag,2024-06-12 02:57:41
Device_1,25.0,25.0,17.0343,Tracking Tag,2024-06-12 02:57:42
Device_1,24.2261,24.6238,15.7879,Tracking Tag,2024-06-12 02:57:43
Device_1,23.2399,24.7025,15.5687,Tracking Tag,2024-06-12 02:57:44
Device_1,23.5101,25.0,17.1128,Tracking Tag,2024-06-12 02:57:45
Device_1,22.4709,24.2137,16.9197,Tracking Tag,2024-06-12 02:57:46
Device_1,23.2233,25.0,16.3584,Tracking Tag,2024-06-12 02:57:47
Device_1,22.5986,25.0,16.3608,Tracking Tag,2024-06-12 02:57:48
Device_1,24.5789,24.573,16.3763,Tracking Tag,2024-06-12 02:57:49
Device_1,25.0,24.1749,15.0132,Tracking Tag,2024-06-12 02:57:50
Device_1,23.1693,23.6132,15.6844,Tracking Tag,2024-06-12 02:57:51
Device_1,24.6557,23.7567,15.2738,Tracking Tag,2024-06-12 02:57:52
Device_1,25.0,24.5491,13.7425,Tracking Tag,2024-06-12 02:57:53
Device_1,23.1073,25.0,15.162,Tracking Tag,2024-06-12 02:57:54
Device_1,22.3775,24.6605,15.9924,Tracking Tag,2024-06-12 02:57:55
Device_1,22.3884,22.9962,14.945,Tracking Tag,2024-06-12 02:57:56
Device_1,21.7917,21.2389,16.862,Tracking Tag,2024-06-12 02:57:57
Device_1,22.7889,20.1628,16.0058,Tracking Tag,2024-06-12 02:57:58
Device_1,21.9395,21.3731,14.2875,Tracking Tag,2024-06-12 02:57:59
Device_1,23.5787,19.8366,12.7911,Tracking Tag,2024-06-12 02:58:00
Device_1,24.4769,21.6774,13.7938,Tracking Tag,2024-06-12 02:58:01
Device_1,23.1421,22.2577,12.8162,Tracking Tag,2024-06-12 02:58:02
Device_1,22.7351,23.4904,12.168,Tracking Tag,2024-06-12 02:58:03
Device_1,23.7741,22.2489,12.4022,Tracking Tag,2024-06-12 02:58:04
Device_1,24.6235,24.0724,14.1898,Tracking Tag,2024-06-12 02:58:05
Device_1,25.0,23.3331,15.0149,Tracking Tag,2024-06-12 02:58:06
Device_1,23.2914,22.8599,15.1926,Tracking Tag,2024-06-12 02:58:07
Device_1,23.6463,23.0771,16.5799,Tracking Tag,2024-06-12 02:58:08
Device_1,24.689,21.3022,16.7966,Tracking Tag,2024-06-12 02:58:09
Device_1,24.9944,23.2944,17.2761,Tracking Tag,2024-06-12 02:58:10
Device_1,24.7588,22.1107,15.4285,Tracking Tag,2024-06-12 02:58:11
Device_1,25.0,20.5902,15.5669,Tracking Tag,2024-06-12 02:58:12
Device_1,24.5665,21.676,14.8909,Tracking Tag,2024-06-12 02:58:13
Device_1,24.7353,22.4928,13.2934,Tracking Tag,2024-06-12 02:58:14
Device_1,25.0,23.0281,14.6002,Tracking Tag,2024-06-12 02:58:15
Device_1,25.0,23.5253,13.3551,Tracking Tag,2024-06-12 02:58:16
Device_1,25.0,22.3292,13.5486,Tracking Tag,2024-06-12 02:58:17
Device_1,23.6961,23.5258,12.9325,Tracking Tag,2024-06-12 02:58:18
Device_1,24.3525,22.5891,12.9618,Tracking Tag,2024-06-12 02:58:19
Device_1,22.9866,21.6772,12.7238,Tracking Tag,2024-06-12 02:58:20
Device_1,24.3615,23.5549,14.6371,Tracking Tag,2024-06-12 02:58:21
Device_1,24.8117,25.0,15.9359,Tracking Tag,2024-06-12 02:58:22
Device_1,22.9596,24.1404,16.3782,Tracking Tag,2024-06-12 02:58:23
Device_1,21.3047,23.6926,16.9219,Tracking Tag,2024-06-12 02:58:24
Device_1,20.6918,24.8544,15.0674,Tracking Tag,2024-06-12 02:58:25
Device_1,19.0241,25.0,14.1442,Tracking Tag,2024-06-12 02:58:26
Device_1,18.7384,24.001,13.7751,Tracking Tag,2024-06-12 02:58:27
Device_1,17.8059,23.7709,15.3524,Tracking Tag,2024-06-12 02:58:28
Device_1,18.4868,22.3075,14.5139,Tracking Tag,2024-06-12 02:58:29
Device_1,20.0298,20.8088,16.1992,Tracking Tag,2024-06-12 02:58:30
Device_1,20.8192,21.7924,15.6715,Tracking Tag,2024-06-12 02:58:31
Device_1,19.4984,21.6966,13.9547,Tracking Tag,2024-06-12 02:58:32
Device_1,21.1438,22.0547,15.8137,Tracking Tag,2024-06-12 02:58:33
Device_1,22.4826,22.4526,15.2965,Tracking Tag,2024-06-12 02:58:34
Device_1,22.268,21.5881,17.0879,Tracking Tag,2024-06-12 02:58:35
Device_1,20.8853,22.3775,16.1658,Tracking Tag,2024-06-12 02:58:36
Device_1,20.749,20.8895,16.7013,Tracking Tag,2024-06-12 02:58:37
Device_1,20.505,22.2178,15.3833,Tracking Tag,2024-06-12 02:58:38
Device_1,18.9745,21.6083,14.3666,Tracking Tag,2024-06-12 02:58:39
Device_1,20.581,23.1452,14.2243,Tracking Tag,2024-06-12 02:58:40
Device_1,20.4474,22.437,14.7664,Tracking Tag,2024-06-12 02:58:41
Device_1,21.3477,21.0977,12.783,Tracking Tag,2024-06-12 02:58:42
Device_1,20.1075,19.7948,14.5369,Tracking Tag,2024-06-12 02:58:43
Device_1,20.0626,19.6095,16.2298,Tracking Tag,2024-06-12 02:58:44
Device_1,20.2776,18.1905,14.8464,Tracking Tag,2024-06-12 02:58:45
Device_1,18.6168,16.7863,13.0771,Tracking Tag,2024-06-12 02:58:46
Device_1,18.4569,16.3297,12.0752,Tracking Tag,2024-06-12 02:58:47
Device_1,16.8549,15.308,10.5108,Tracking Tag,2024-06-12 02:58:48
Device_1,14.966,15.4064,11.7217,Tracking Tag,2024-06-12 02:58:49
Device_1,15.975,16.9718,12.6141,Tracking Tag,2024-06-12 02:58:50
Device_1,17.953,15.7558,11.178,Tracking Tag,2024-06-12 02:58:51
Device_1,19.3436,16.9284,10.7534,Tracking Tag,2024-06-12 02:58:52
Device_1,17.4049,15.3292,9.6697,Tracking Tag,2024-06-12 02:58:53
Device_1,15.4839,16.1259,9.6345,Tracking Tag,2024-06-12 02:58:54
Device_1,13.6935,16.0421,9.3959,Tracking Tag,2024-06-12 02:58:55
Device_1,12.975,16.3378,11.1953,Tracking Tag,2024-06-12 02:58:56
Device_1,11.2888,16.0427,10.8402,Tracking Tag,2024-06-12 02:58:57
Device_1,13.2831,17.9899,9.3948,Tracking Tag,2024-06-12 02:58:58
Device_1,14.3334,17.3397,7.7025,Tracking Tag,2024-06-12 02:58:59
Device_1,15.7503,19.1118,6.3099,Tracking Tag,2024-06-12 02:59:00
Device_1,16.7725,20.5147,7.9882,Tracking Tag,2024-06-12 02:59:01
Device_1,16.1462,18.6958,7.8385,Tracking Tag,2024-06-12 02:59:02
Device_1,14.8396,17.5073,7.5614,Tracking Tag,2024-06-12 02:59:03
Device_1,15.8645,18.323,7.6997,Tracking Tag,2024-06-12 02:59:04
Device_1,16.1309,18.3841,6.3606,Tracking Tag,2024-06-12 02:59:05
Device_1,16.3082,19.919,8.2344,Tracking Tag,2024-06-12 02:59:06
Device_1,17.8317,20.4977,7.2463,Tracking Tag,2024-06-12 02:59:07
Device_1,17.0872,20.4248,8.2466,Tracking Tag,2024-06-12 02:59:08
Device_1,17.6554,19.7955,6.647,Tracking Tag,2024-06-12 02:59:09
Device_1,17.203,19.5784,7.6815,Tracking Tag,2024-06-12 02:59:10
Device_1,15.913,21.3935,5.7753,Tracking Tag,2024-06-12 02:59:11
Device_1,15.8651,21.3715,6.5387,Tracking Tag,2024-06-12 02:59:12
Device_1,14.0648,21.3655,4.631,Tracking Tag,2024-06-12 02:59:13
Device_1,16.0481,23.151,4.0059,Tracking Tag,2024-06-12 02:59:14
Device_1,15.0127,23.9234,4.1285,Tracking Tag,2024-06-12 02:59:15
Device_1,15.654,22.719,2.6491,Tracking Tag,2024-06-12 02:59:16
Device_1,16.4708,21.9664,1.2126,Tracking Tag,2024-06-12 02:59:17
Device_1,18.4128,20.4686,0.0,Tracking Tag,2024-06-12 02:59:18
Device_1,17.0816,18.4822,0.4045,Tracking Tag,2024-06-12 02:59:19
Device_1,17.236,16.6338,1.5987,Tracking Tag,2024-06-12 02:59:20
Device_1,18.7447,16.7605,3.2759,Tracking Tag,2024-06-12 02:59:21
Device_1,17.5761,17.1923,4.964,Tracking Tag,2024-06-12 02:59:22
Device_1,16.49,17.1726,3.7408,Tracking Tag,2024-06-12 02:59:23
Device_1,14.8892,15.2471,5.5389,Tracking Tag,2024-06-12 02:59:24
Device_1,14.4614,15.628,7.0534,Tracking Tag,2024-06-12 02:59:25
Device_1,14.1422,16.874,5.7346,Tracking Tag,2024-06-12 02:59:26
Device_1,15.224,16.3007,6.4228,Tracking Tag,2024-06-12 02:59:27
Device_1,13.283,15.7262,5.6463,Tracking Tag,2024-06-12 02:59:28
Device_1,13.6082,16.3052,4.7939,Tracking Tag,2024-06-12 02:59:29
Device_1,13.5531,17.9162,6.2996,Tracking Tag,2024-06-12 02:59:30
Device_1,14.5345,17.902,7.9916,Tracking Tag,2024-06-12 02:59:31
Device_1,14.4184,18.6797,8.8103,Tracking Tag,2024-06-12 02:59:32
Device_1,14.9588,20.6006,7.5036,Tracking Tag,2024-06-12 02:59:33
Device_1,14.5743,20.7946,5.6156,Tracking Tag,2024-06-12 02:59:34
Device_1,15.2978,22.0721,3.8746,Tracking Tag,2024-06-12 02:59:35
Device_1,16.3257,23.9781,3.7604,Tracking Tag,2024-06-12 02:59:36
Device_1,14.3843,24.1036,4.0121,Tracking Tag,2024-06-12 02:59:37
Device_1,15.1877,22.8243,2.7428,Tracking Tag,2024-06-12 02:59:38
Device_1,14.1469,21.4355,4.4033,Tracking Tag,2024-06-12 02:59:39
Device_1,12.6574,21.8165,5.7258,Tracking Tag,2024-06-12 02:59:40
Device_2,12.4213,16.0436,3.454,Phone,2024-06-12 02:54:41
Device_2,12.6368,16.226,2.3723,Phone,2024-06-12 02:54:42
Device_2,12.7499,15.2632,3.3987,Phone,2024-06-12 02:54:43
Device_2,13.5962,14.5853,1.4186,Phone,2024-06-12 02:54:44
Device_2,14.6564,15.8247,0.8396,Phone,2024-06-12 02:54:45
Device_2,13.8842,15.9439,0.0,Phone,2024-06-12 02:54:46
Device_2,14.0197,16.5075,0.0,Phone,2024-06-12 02:54:47
Device_2,12.2078,14.7149,1.9558,Phone,2024-06-12 02:54:48
Device_2,13.5015,15.8392,1.6284,Phone,2024-06-12 02:54:49
Device_2,14.3256,17.7959,1.1367,Phone,2024-06-12 02:54:50
Device_2,15.7738,19.4662,2.0674,Phone,2024-06-12 02:54:51
Device_2,17.6754,17.7818,2.3697,Phone,2024-06-12 02:54:52
Device_2,18.2,18.6344,1.3306,Phone,2024-06-12 02:54:53
Device_2,17.4961,18.0617,0.7093,Phone,2024-06-12 02:54:54
Device_2,17.9589,19.3772,0.0,Phone,2024-06-12 02:54:55
Device_2,17.9543,18.7717,0.0,Phone,2024-06-12 02:54:56
Device_2,16.1507,19.9075,0.4763,Phone,2024-06-12 02:54:57
Device_2,15.2942,18.463,0.0,Phone,2024-06-12 02:54:58
Device_2,16.9054,18.9239,0.0,Phone,2024-06-12 02:54:59
Device_2,16.4744,18.4436,1.1293,Phone,2024-06-12 02:55:00
Device_2,15.4331,18.9071,1.0646,Phone,2024-06-12 02:55:01
Device_2,16.812,18.3668,0.7828,Phone,2024-06-12 02:55:02
Device_2,15.9293,17.0112,0.0,Phone,2024-06-12 02:55:03
Device_2,16.2376,16.7415,0.167,Phone,2024-06-12 02:55:04
Device_2,17.0638,14.9708,1.0193,Phone,2024-06-12 02:55:05
Device_2,17.4819,14.5561,2.3696,Phone,2024-06-12 02:55:06
Device_2,17.9588,13.4152,4.3285,Phone,2024-06-12 02:55:07
Device_2,18.7389,13.1524,5.1394,Phone,2024-06-12 02:55:08
Device_2,20.0204,14.273,4.0975,Phone,2024-06-12 02:55:09
Device_2,20.1465,13.5203,4.549,Phone,2024-06-12 02:55:10
Device_2,19.3544,15.0487,5.6009,Phone,2024-06-12 02:55:11
Device_2,19.9267,16.944,4.184,Phone,2024-06-12 02:55:12
Device_2,21.8655,18.6251,4.6067,Phone,2024-06-12 02:55:13
Device_2,21.02,18.5953,5.5341,Phone,2024-06-12 02:55:14
Device_2,22.8012,18.4001,6.5547,Phone,2024-06-12 02:55:15
Device_2,21.6606,17.3214,7.0335,Phone,2024-06-12 02:55:16
Device_2,21.4365,18.6578,5.798,Phone,2024-06-12 02:55:17
Device_2,21.2641,19.5991,4.7562,Phone,2024-06-12 02:55:18
Device_2,23.1458,21.1062,4.5088,Phone,2024-06-12 02:55:19
Device_2,23.1067,21.4853,5.6958,Phone,2024-06-12 02:55:20
Device_2,21.8874,20.3233,4.809,Phone,2024-06-12 02:55:21
Device_2,22.1574,20.7195,4.2546,Phone,2024-06-12 02:55:22
Device_2,22.4407,21.4656,4.5428,Phone,2024-06-12 02:55:23
Device_2,23.5116,19.6874,5.6683,Phone,2024-06-12 02:55:24
Device_2,25.0,21.5411,7.3691,Phone,2024-06-12 02:55:25
Device_2,24.6779,23.4215,7.4584,Phone,2024-06-12 02:55:26
Device_2,23.0697,23.385,5.7603,Phone,2024-06-12 02:55:27
Device_2,21.6749,25.0,4.0014,Phone,2024-06-12 02:55:28
Device_2,21.7302,25.0,3.2526,Phone,2024-06-12 02:55:29
Device_2,22.6792,25.0,3.465,Phone,2024-06-12 02:55:30
Device_2,21.7677,25.0,2.1912,Phone,2024-06-12 02:55:31
Device_2,21.5064,23.4878,0.2054,Phone,2024-06-12 02:55:32
Device_2,21.6504,22.3347,0.0,Phone,2024-06-12 02:55:33
Device_2,23.5601,23.3516,0.0,Phone,2024-06-12 02:55:34
Device_2,22.1474,21.94,1.4501,Phone,2024-06-12 02:55:35
Device_2,22.3263,21.8388,1.9431,Phone,2024-06-12 02:55:36
Device_2,23.2042,23.3477,1.3956,Phone,2024-06-12 02:55:37
Device_2,22.5985,22.6626,0.0,Phone,2024-06-12 02:55:38
Device_2,23.7285,22.2115,0.0,Phone,2024-06-12 02:55:39
Device_2,21.8202,22.4778,0.0,Phone,2024-06-12 02:55:40
Device_2,22.2995,22.3805,0.8674,Phone,2024-06-12 02:55:41
Device_2,20.3283,20.7401,2.4126,Phone,2024-06-12 02:55:42
Device_2,21.7535,21.9269,3.7669,Phone,2024-06-12 02:55:43
Device_2,22.1835,23.6327,2.6854,Phone,2024-06-12 02:55:44
Device_2,20.5583,21.7643,2.4473,Phone,2024-06-12 02:55:45
Device_2,20.3627,21.7303,1.2295,Phone,2024-06-12 02:55:46
Device_2,20.1201,20.7841,2.0563,Phone,2024-06-12 02:55:47
Device_2,21.4334,18.845,3.9531,Phone,2024-06-12 02:55:48
Device_2,23.1212,18.7058,4.6784,Phone,2024-06-12 02:55:49
Device_2,22.8464,17.0102,4.9605,Phone,2024-06-12 02:55:50
Device_2,24.7932,15.4886,5.8352,Phone,2024-06-12 02:55:51
Device_2,24.7225,15.5683,5.8977,Phone,2024-06-12 02:55:52
Device_2,24.4227,16.4868,4.1304,Phone,2024-06-12 02:55:53
Device_2,25.0,16.0413,2.4769,Phone,2024-06-12 02:55:54
Device_2,24.5102,17.9561,1.8592,Phone,2024-06-12 02:55:55
Device_2,23.3166,16.1916,0.0,Phone,2024-06-12 02:55:56
Device_2,24.7592,15.7368,0.7605,Phone,2024-06-12 02:55:57
Device_2,23.9624,16.3982,1.6853,Phone,2024-06-12 02:55:58
Device_2,25.0,14.6299,2.2664,Phone,2024-06-12 02:55:59
Device_2,25.0,14.2316,3.2712,Phone,2024-06-12 02:56:00
Device_2,24.6996,13.5173,3.2284,Phone,2024-06-12 02:56:01
Device_2,22.784,13.251,2.1754,Phone,2024-06-12 02:56:02
Device_2,23.0489,13.1638,3.5849,Phone,2024-06-12 02:56:03
Device_2,22.6619,13.3355,4.034,Phone,2024-06-12 02:56:04
Device_2,23.9451,11.4118,5.5888,Phone,2024-06-12 02:56:05
Device_2,22.3418,11.6723,4.6531,Phone,2024-06-12 02:56:06
Device_2,21.057,10.8309,4.719,Phone,2024-06-12 02:56:07
Device_2,19.1855,10.5375,4.8149,Phone,2024-06-12 02:56:08
Device_2,20.1442,9.3063,5.437,Phone,2024-06-12 02:56:09
Device_2,18.2792,9.2164,6.3564,Phone,2024-06-12 02:56:10
Device_2,16.3733,11.1748,6.8191,Phone,2024-06-12 02:56:11
Device_2,16.4937,9.3576,6.2209,Phone,2024-06-12 02:56:12
Device_2,14.5689,7.882,6.3189,Phone,2024-06-12 02:56:13
Device_2,16.4344,7.2931,8.1589,Phone,2024-06-12 02:56:14
Device_2,14.6612,5.9302,6.7007,Phone,2024-06-12 02:56:15
Device_2,15.1215,6.8348,6.2061,Phone,2024-06-12 02:56:16
Device_2,14.7515,5.8546,7.0698,Phone,2024-06-12 02:56:17
Device_2,15.5821,7.0425,9.0006,Phone,2024-06-12 02:56:18
Device_2,15.5344,8.7997,10.0962,Phone,2024-06-12 02:56:19
Device_2,16.5338,7.3482,9.7489,Phone,2024-06-12 02:56:20
Device_2,16.9743,8.578,8.1982,Phone,2024-06-12 02:56:21
Device_2,15.7024,9.1079,9.3613,Phone,2024-06-12 02:56:22
Device_2,17.1257,10.0364,10.8876,Phone,2024-06-12 02:56:23
Device_2,18.0637,8.3151,9.2159,Phone,2024-06-12 02:56:24
Device_2,19.9565,6.9605,11.1246,Phone,2024-06-12 02:56:25
Device_2,21.2882,8.2397,12.0123,Phone,2024-06-12 02:56:26
Device_2,20.4997,8.2896,13.557,Phone,2024-06-12 02:56:27
Device_2,20.6972,9.2205,12.7448,Phone,2024-06-12 02:56:28
Device_2,20.1174,10.8753,12.6588,Phone,2024-06-12 02:56:29
Device_2,19.5322,12.0465,12.1036,Phone,2024-06-12 02:56:30
Device_2,19.5222,13.6958,10.8633,Phone,2024-06-12 02:56:31
Device_2,18.4581,13.9787,9.386,Phone,2024-06-12 02:56:32
Device_2,18.4079,13.2615,7.4173,Phone,2024-06-12 02:56:33
Device_2,18.8836,13.4673,9.0185,Phone,2024-06-12 02:56:34
Device_2,20.384,15.2333,7.1628,Phone,2024-06-12 02:56:35
Device_2,19.0841,17.0988,8.0005,Phone,2024-06-12 02:56:36
Device_2,20.7925,18.4957,9.6702,Phone,2024-06-12 02:56:37
Device_2,20.8112,16.5619,9.0495,Phone,2024-06-12 02:56:38
Device_2,22.3111,18.0716,7.5595,Phone,2024-06-12 02:56:39
Device_2,21.1162,16.5295,7.0163,Phone,2024-06-12 02:56:40
Device_2,22.2567,17.1818,8.2279,Phone,2024-06-12 02:56:41
Device_2,20.7161,17.9146,9.9786,Phone,2024-06-12 02:56:42
Device_2,21.1373,17.0114,9.4571,Phone,2024-06-12 02:56:43
Device_2,19.9114,15.4799,8.9923,Phone,2024-06-12 02:56:44
Device_2,19.9533,15.7353,10.3222,Phone,2024-06-12 02:56:45
Device_2,19.7727,16.8641,10.3338,Phone,2024-06-12 02:56:46
Device_2,19.4975,18.7445,9.1488,Phone,2024-06-12 02:56:47
Device_2,19.7794,17.2218,9.9266,Phone,2024-06-12 02:56:48
Device_2,18.3813,17.4561,8.9012,Phone,2024-06-12 02:56:49
Device_2,17.143,15.7052,10.0621,Phone,2024-06-12 02:56:50
Device_2,17.7063,15.08,8.3365,Phone,2024-06-12 02:56:51
Device_2,16.1884,13.3459,10.1347,Phone,2024-06-12 02:56:52
Device_2,17.1246,15.0306,10.0108,Phone,2024-06-12 02:56:53
Device_2,15.5347,15.0577,10.4764,Phone,2024-06-12 02:56:54
Device_2,15.2584,15.2536,10.6153,Phone,2024-06-12 02:56:55
Device_2,16.6825,14.2487,9.7863,Phone,2024-06-12 02:56:56
Device_2,16.5729,14.5246,8.1486,Phone,2024-06-12 02:56:57
Device_2,17.0308,12.9338,7.8148,Phone,2024-06-12 02:56:58
Device_2,18.5344,13.4789,8.4132,Phone,2024-06-12 02:56:59
Device_2,16.601,13.7933,9.9337,Phone,2024-06-12 02:57:00
Device_2,16.5914,14.8865,11.3634,Phone,2024-06-12 02:57:01
Device_2,17.9573,13.7294,11.9048,Phone,2024-06-12 02:57:02
Device_2,18.5425,15.454,11.8875,Phone,2024-06-12 02:57:03
Device_2,19.2521,15.6268,13.0627,Phone,2024-06-12 02:57:04
Device_2,21.1522,17.3893,12.6377,Phone,2024-06-12 02:57:05
Device_2,20.3944,19.1819,12.3224,Phone,2024-06-12 02:57:06
Device_2,20.6802,19.8537,11.7423,Phone,2024-06-12 02:57:07
Device_2,19.5799,19.0296,11.9635,Phone,2024-06-12 02:57:08
Device_2,17.6928,18.6317,10.4166,Phone,2024-06-12 02:57:09
Device_2,15.9705,20.4369,10.3663,Phone,2024-06-12 02:57:10
Device_2,16.6561,18.7289,10.2008,Phone,2024-06-12 02:57:11
Device_2,17.1412,19.9062,9.2946,Phone,2024-06-12 02:57:12
Device_2,17.4607,21.8894,8.7563,Phone,2024-06-12 02:57:13
Device_2,18.2331,21.314,10.1855,Phone,2024-06-12 02:57:14
Device_2,16.9427,19.8258,12.0137,Phone,2024-06-12 02:57:15
Device_2,16.6895,20.4359,13.5811,Phone,2024-06-12 02:57:16
Device_2,16.2934,20.3383,13.1466,Phone,2024-06-12 02:57:17
Device_2,17.6664,20.6598,14.1748,Phone,2024-06-12 02:57:18
Device_2,16.2275,22.4736,15.4535,Phone,2024-06-12 02:57:19
Device_2,15.5737,21.756,17.404,Phone,2024-06-12 02:57:20
Device_2,15.7843,22.0193,18.025,Phone,2024-06-12 02:57:21
Device_2,16.569,22.8144,18.6122,Phone,2024-06-12 02:57:22
Device_2,15.5853,22.771,20.3538,Phone,2024-06-12 02:57:23
Device_2,15.2836,23.8666,18.5606,Phone,2024-06-12 02:57:24
Device_2,15.7612,25.0,16.6334,Phone,2024-06-12 02:57:25
Device_2,16.7046,23.263,17.7372,Phone,2024-06-12 02:57:26
Device_2,16.7913,22.3223,17.1537,Phone,2024-06-12 02:57:27
Device_2,14.804,23.2072,16.8263,Phone,2024-06-12 02:57:28
Device_2,15.1046,22.5307,17.4223,Phone,2024-06-12 02:57:29
Device_2,16.7052,21.0061,17.4443,Phone,2024-06-12 02:57:30
Device_2,18.4653,19.2527,17.85,Phone,2024-06-12 02:57:31
Device_2,20.1879,18.0652,17.6023,Phone,2024-06-12 02:57:32
Device_2,20.7902,16.4401,16.2288,Phone,2024-06-12 02:57:33
Device_2,21.3452,15.289,18.1238,Phone,2024-06-12 02:57:34
Device_2,20.4125,16.6977,17.9665,Phone,2024-06-12 02:57:35
Device_2,20.7413,15.1303,16.4318,Phone,2024-06-12 02:57:36
Device_2,22.2909,16.2201,14.9511,Phone,2024-06-12 02:57:37
Device_2,22.1088,16.1618,14.3622,Phone,2024-06-12 02:57:38
Device_2,20.5522,16.6383,16.1928,Phone,2024-06-12 02:57:39
Device_2,20.3746,15.7144,15.6619,Phone,2024-06-12 02:57:40
Device_2,21.9027,15.5887,17.2623,Phone,2024-06-12 02:57:41
Device_2,23.617,15.0013,15.8984,Phone,2024-06-12 02:57:42
Device_2,24.1012,16.6878,17.4297,Phone,2024-06-12 02:57:43
Device_2,23.939,16.3828,18.5049,Phone,2024-06-12 02:57:44
Device_2,25.0,17.0075,19.2034,Phone,2024-06-12 02:57:45
Device_2,25.0,17.1789,19.2339,Phone,2024-06-12 02:57:46
Device_2,23.2041,17.162,20.1173,Phone,2024-06-12 02:57:47
Device_2,23.7466,17.1427,19.5657,Phone,2024-06-12 02:57:48
Device_2,23.1157,18.3871,20.482,Phone,2024-06-12 02:57:49
Device_2,24.5572,19.1647,21.5049,Phone,2024-06-12 02:57:50
Device_2,23.4045,20.195,23.2044,Phone,2024-06-12 02:57:51
Device_2,23.9676,20.0945,24.5279,Phone,2024-06-12 02:57:52
Device_2,22.4133,19.2672,25.0,Phone,2024-06-12 02:57:53
Device_2,23.1224,20.4932,25.0,Phone,2024-06-12 02:57:54
Device_2,21.2969,19.5087,25.0,Phone,2024-06-12 02:57:55
Device_2,21.3317,19.4754,25.0,Phone,2024-06-12 02:57:56
Device_2,20.8785,20.2061,25.0,Phone,2024-06-12 02:57:57
Device_2,19.6603,20.2682,25.0,Phone,2024-06-12 02:57:58
Device_2,19.3118,18.9681,25.0,Phone,2024-06-12 02:57:59
Device_2,17.862,18.6663,25.0,Phone,2024-06-12 02:58:00
Device_2,16.8397,19.9329,24.5568,Phone,2024-06-12 02:58:01
Device_2,17.9842,19.3905,23.8911,Phone,2024-06-12 02:58:02
Device_2,19.4904,18.7802,23.5938,Phone,2024-06-12 02:58:03
Device_2,20.451,18.777,21.75,Phone,2024-06-12 02:58:04
Device_2,18.9791,18.1966,19.9709,Phone,2024-06-12 02:58:05
Device_2,20.6227,16.6921,19.6142,Phone,2024-06-12 02:58:06
Device_2,20.7153,18.6735,20.5562,Phone,2024-06-12 02:58:07
Device_2,21.6586,18.0553,19.4068,Phone,2024-06-12 02:58:08
Device_2,19.7737,17.2748,20.5843,Phone,2024-06-12 02:58:09
Device_2,21.3297,15.7913,20.5966,Phone,2024-06-12 02:58:10
Device_2,21.3164,15.338,21.3686,Phone,2024-06-12 02:58:11
Device_2,22.0314,13.7,22.0596,Phone,2024-06-12 02:58:12
Device_2,22.5393,15.4933,21.161,Phone,2024-06-12 02:58:13
Device_2,23.7783,15.2085,19.32,Phone,2024-06-12 02:58:14
Device_2,22.03,13.806,20.6842,Phone,2024-06-12 02:58:15
Device_2,22.2261,15.6915,20.7791,Phone,2024-06-12 02:58:16
Device_2,23.3853,14.6446,20.25,Phone,2024-06-12 02:58:17
Device_2,23.5801,14.5884,18.7405,Phone,2024-06-12 02:58:18
Device_2,23.0168,13.287,19.4143,Phone,2024-06-12 02:58:19
Device_2,24.681,14.9936,17.67,Phone,2024-06-12 02:58:20
Device_2,25.0,14.2898,15.748,Phone,2024-06-12 02:58:21
Device_2,25.0,15.546,15.7142,Phone,2024-06-12 02:58:22
Device_2,25.0,17.1746,15.9038,Phone,2024-06-12 02:58:23
Device_2,25.0,15.5406,17.8418,Phone,2024-06-12 02:58:24
Device_2,25.0,16.8094,16.8297,Phone,2024-06-12 02:58:25
Device_2,25.0,18.4975,16.087,Phone,2024-06-12 02:58:26
Device_2,24.4826,20.3196,14.1632,Phone,2024-06-12 02:58:27
Device_2,22.9865,20.0238,16.0589,Phone,2024-06-12 02:58:28
Device_2,22.8661,21.0714,14.8221,Phone,2024-06-12 02:58:29
Device_2,24.2802,22.066,15.5994,Phone,2024-06-12 02:58:30
Device_2,23.8613,22.0007,17.3786,Phone,2024-06-12 02:58:31
Device_2,25.0,20.5394,17.5427,Phone,2024-06-12 02:58:32
Device_2,25.0,21.9408,15.9183,Phone,2024-06-12 02:58:33
Device_2,25.0,21.9151,14.5304,Phone,2024-06-12 02:58:34
Device_2,23.8051,22.462,13.6698,Phone,2024-06-12 02:58:35
Device_2,24.0733,24.0913,11.8391,Phone,2024-06-12 02:58:36
Device_2,24.3877,22.4255,9.9359,Phone,2024-06-12 02:58:37
Device_2,25.0,23.2295,10.3693,Phone,2024-06-12 02:58:38
Device_2,25.0,22.0602,11.8284,Phone,2024-06-12 02:58:39
Device_2,23.6749,20.3012,11.7805,Phone,2024-06-12 02:58:40
Device_2,24.7992,18.7437,10.3324,Phone,2024-06-12 02:58:41
Device_2,24.9261,18.1777,10.135,Phone,2024-06-12 02:58:42
Device_2,23.9071,19.3874,9.4554,Phone,2024-06-12 02:58:43
Device_2,25.0,19.3568,10.0478,Phone,2024-06-12 02:58:44
Device_2,24.8515,18.2058,9.9908,Phone,2024-06-12 02:58:45
Device_2,23.3516,17.2309,10.9985,Phone,2024-06-12 02:58:46
Device_2,23.6726,17.0232,9.4955,Phone,2024-06-12 02:58:47
Device_2,25.0,17.1931,8.8543,Phone,2024-06-12 02:58:48
Device_2,24.8635,17.1869,7.4588,Phone,2024-06-12 02:58:49
Device_2,25.0,19.0418,8.2246,Phone,2024-06-12 02:58:50
Device_2,25.0,19.3331,8.8281,Phone,2024-06-12 02:58:51
Device_2,25.0,19.1923,9.197,Phone,2024-06-12 02:58:52
Device_2,23.2476,18.0364,9.8683,Phone,2024-06-12 02:58:53
Device_2,24.3976,19.1794,9.7491,Phone,2024-06-12 02:58:54
Device_2,23.0856,18.1767,8.8788,Phone,2024-06-12 02:58:55
Device_2,23.609,16.7035,7.6228,Phone,2024-06-12 02:58:56
Device_2,22.7674,17.7643,9.6171,Phone,2024-06-12 02:58:57
Device_2,22.863,19.2788,7.9732,Phone,2024-06-12 02:58:58
Device_2,23.6781,17.3619,6.3516,Phone,2024-06-12 02:58:59
Device_2,24.9952,16.7695,5.5359,Phone,2024-06-12 02:59:00
Device_2,23.4102,16.2795,5.0238,Phone,2024-06-12 02:59:01
Device_2,23.4396,14.347,3.947,Phone,2024-06-12 02:59:02
Device_2,22.0044,13.5208,4.8343,Phone,2024-06-12 02:59:03
Device_2,21.7995,13.8866,5.9046,Phone,2024-06-12 02:59:04
Device_2,21.1728,13.313,6.5902,Phone,2024-06-12 02:59:05
Device_2,19.9089,12.1557,6.8965,Phone,2024-06-12 02:59:06
Device_2,18.1054,13.6372,6.1702,Phone,2024-06-12 02:59:07
Device_2,16.9575,11.7622,4.6779,Phone,2024-06-12 02:59:08
Device_2,18.6407,11.8734,4.2107,Phone,2024-06-12 02:59:09
Device_2,18.636,10.6346,2.373,Phone,2024-06-12 02:59:10
Device_2,16.6861,8.9687,2.4409,Phone,2024-06-12 02:59:11
Device_2,17.8902,7.7728,0.8378,Phone,2024-06-12 02:59:12
Device_2,17.0784,8.9274,0.396,Phone,2024-06-12 02:59:13
Device_2,16.8694,8.4017,0.0,Phone,2024-06-12 02:59:14
Device_2,14.9818,9.7693,1.2078,Phone,2024-06-12 02:59:15
Device_2,14.9487,8.1454,0.3543,Phone,2024-06-12 02:59:16
Device_2,15.712,8.5953,0.0,Phone,2024-06-12 02:59:17
Device_2,17.4849,8.619,0.2865,Phone,2024-06-12 02:59:18
Device_2,16.593,10.3739,0.0,Phone,2024-06-12 02:59:19
Device_2,17.0624,10.4566,0.7654,Phone,2024-06-12 02:59:20
Device_2,16.5222,8.4616,0.0,Phone,2024-06-12 02:59:21
Device_2,18.4566,9.8568,0.0,Phone,2024-06-12 02:59:22
Device_2,19.0294,7.9446,0.0,Phone,2024-06-12 02:59:23
Device_2,18.8437,6.4468,0.1707,Phone,2024-06-12 02:59:24
Device_2,20.0267,5.6292,1.827,Phone,2024-06-12 02:59:25
Device_2,19.6598,5.7708,0.6924,Phone,2024-06-12 02:59:26
Device_2,20.2215,3.9804,0.0,Phone,2024-06-12 02:59:27
Device_2,20.5043,2.3922,1.3355,Phone,2024-06-12 02:59:28
Device_2,19.3412,1.7819,2.295,Phone,2024-06-12 02:59:29
Device_2,19.1637,2.8485,0.6706,Phone,2024-06-12 02:59:30
Device_2,20.9849,4.3567,1.4086,Phone,2024-06-12 02:59:31
Device_2,20.0432,4.7963,1.4685,Phone,2024-06-12 02:59:32
Device_2,20.1854,2.8323,0.5447,Phone,2024-06-12 02:59:33
Device_2,20.7861,2.7648,0.0,Phone,2024-06-12 02:59:34
Device_2,21.7053,4.6469,1.7653,Phone,2024-06-12 02:59:35
Device_2,22.269,3.3506,0.1983,Phone,2024-06-12 02:59:36
Device_2,22.5835,3.7365,0.8255,Phone,2024-06-12 02:59:37
Device_2,24.2131,5.2651,2.8227,Phone,2024-06-12 02:59:38
Device_2,22.5836,7.1722,4.3773,Phone,2024-06-12 02:59:39
Device_2,21.8094,7.6516,3.625,Phone,2024-06-12 02:59:40
Device_3,4.6874,21.2844,13.5496,Tracking Tag,2024-06-12 02:54:41
Device_3,4.3985,23.0121,15.3693,Tracking Tag,2024-06-12 02:54:42
Device_3,2.7033,23.6745,16.852,Tracking Tag,2024-06-12 02:54:43
Device_3,2.9844,25.0,15.4839,Tracking Tag,2024-06-12 02:54:44
Device_3,2.3819,25.0,17.4661,Tracking Tag,2024-06-12 02:54:45
Device_3,4.0781,24.7529,17.9248,Tracking Tag,2024-06-12 02:54:46
Device_3,3.6464,25.0,18.9758,Tracking Tag,2024-06-12 02:54:47
Device_3,4.1033,25.0,20.1107,Tracking Tag,2024-06-12 02:54:48
Device_3,4.5682,25.0,20.2793,Tracking Tag,2024-06-12 02:54:49
Device_3,3.7875,25.0,21.4666,Tracking Tag,2024-06-12 02:54:50
Device_3,4.6309,24.0907,21.4282,Tracking Tag,2024-06-12 02:54:51
Device_3,3.0919,24.3975,22.2236,Tracking Tag,2024-06-12 02:54:52
Device_3,3.5886,22.8401,22.1728,Tracking Tag,2024-06-12 02:54:53
Device_3,4.5815,22.6757,20.9928,Tracking Tag,2024-06-12 02:54:54
Device_3,4.8941,23.7403,21.1601,Tracking Tag,2024-06-12 02:54:55
Device_3,4.3603,22.7455,19.9931,Tracking Tag,2024-06-12 02:54:56
Device_3,4.4845,21.7476,18.4553,Tracking Tag,2024-06-12 02:54:57
Device_3,6.3118,19.8292,18.4395,Tracking Tag,2024-06-12 02:54:58
Device_3,6.3635,21.8043,19.9897,Tracking Tag,2024-06-12 02:54:59
Device_3,5.2815,20.6206,20.9306,Tracking Tag,2024-06-12 02:55:00
Device_3,3.6282,20.6585,20.0805,Tracking Tag,2024-06-12 02:55:01
Device_3,3.2094,21.4696,21.5127,Tracking Tag,2024-06-12 02:55:02
Device_3,2.9489,20.8572,22.9395,Tracking Tag,2024-06-12 02:55:03
Device_3,4.6938,22.3387,23.9144,Tracking Tag,2024-06-12 02:55:04
Device_3,2.9161,20.7615,24.0153,Tracking Tag,2024-06-12 02:55:05
Device_3,4.5129,20.6439,25.0,Tracking Tag,2024-06-12 02:55:06
Device_3,3.78,22.1174,25.0,Tracking Tag,2024-06-12 02:55:07
Device_3,5.7438,21.083,25.0,Tracking Tag,2024-06-12 02:55:08
Device_3,6.1183,22.9074,25.0,Tracking Tag,2024-06-12 02:55:09
Device_3,5.8288,24.7765,25.0,Tracking Tag,2024-06-12 02:55:10
Device_3,3.8661,22.8243,25.0,Tracking Tag,2024-06-12 02:55:11
Device_3,2.1291,22.469,25.0,Tracking Tag,2024-06-12 02:55:12
Device_3,3.6552,23.3836,25.0,Tracking Tag,2024-06-12 02:55:13
Device_3,3.0372,23.9325,25.0,Tracking Tag,2024-06-12 02:55:14
Device_3,4.1017,25.0,24.618,Tracking Tag,2024-06-12 02:55:15
Device_3,3.4955,25.0,23.3698,Tracking Tag,2024-06-12 02:55:16
Device_3,4.9262,23.8046,21.9869,Tracking Tag,2024-06-12 02:55:17
Device_3,3.9171,23.5387,20.1923,Tracking Tag,2024-06-12 02:55:18
Device_3,4.3006,22.2777,18.8911,Tracking Tag,2024-06-12 02:55:19
Device_3,5.7008,23.9581,16.9451,Tracking Tag,2024-06-12 02:55:20
Device_3,3.8953,24.9799,15.4592,Tracking Tag,2024-06-12 02:55:21
Device_3,4.6693,23.6604,14.3363,Tracking Tag,2024-06-12 02:55:22
Device_3,3.3447,25.0,14.194,Tracking Tag,2024-06-12 02:55:23
Device_3,3.9463,24.0212,14.0796,Tracking Tag,2024-06-12 02:55:24
Device_3,4.7755,23.5867,15.2388,Tracking Tag,2024-06-12 02:55:25
Device_3,3.7871,25.0,13.8581,Tracking Tag,2024-06-12 02:55:26
Device_3,2.9184,25.0,14.0308,Tracking Tag,2024-06-12 02:55:27
Device_3,3.4238,25.0,14.8632,Tracking Tag,2024-06-12 02:55:28
Device_3,2.6256,24.5365,14.223,Tracking Tag,2024-06-12 02:55:29
Device_3,2.587,25.0,13.6604,Tracking Tag,2024-06-12 02:55:30
Device_3,3.2745,24.2701,14.6151,Tracking Tag,2024-06-12 02:55:31
Device_3,4.2831,24.8634,15.1149,Tracking Tag,2024-06-12 02:55:32
Device_3,3.9275,24.8489,13.7931,Tracking Tag,2024-06-12 02:55:33
Device_3,5.7867,25.0,11.9687,Tracking Tag,2024-06-12 02:55:34
Device_3,6.1988,24.7191,11.2912,Tracking Tag,2024-06-12 02:55:35
Device_3,6.1986,25.0,10.1599,Tracking Tag,2024-06-12 02:55:36
Device_3,7.2573,24.7201,8.6351,Tracking Tag,2024-06-12 02:55:37
Device_3,8.7393,25.0,8.1752,Tracking Tag,2024-06-12 02:55:38
Device_3,9.9687,25.0,8.7084,Tracking Tag,2024-06-12 02:55:39
Device_3,8.1222,25.0,7.5352,Tracking Tag,2024-06-12 02:55:40
Device_3,6.9679,25.0,5.726,Tracking Tag,2024-06-12 02:55:41
Device_3,8.7326,25.0,4.5232,Tracking Tag,2024-06-12 02:55:42
Device_3,10.2876,24.3004,4.7098,Tracking Tag,2024-06-12 02:55:43
Device_3,9.5859,23.6791,3.7622,Tracking Tag,2024-06-12 02:55:44
Device_3,9.6697,24.6791,4.2764,Tracking Tag,2024-06-12 02:55:45
Device_3,10.0117,24.9653,3.5888,Tracking Tag,2024-06-12 02:55:46
Device_3,8.5502,25.0,5.3537,Tracking Tag,2024-06-12 02:55:47
Device_3,7.0947,24.5041,5.4539,Tracking Tag,2024-06-12 02:55:48
Device_3,7.2561,25.0,6.6365,Tracking Tag,2024-06-12 02:55:49
Device_3,7.0883,25.0,5.2902,Tracking Tag,2024-06-12 02:55:50
Device_3,8.9429,25.0,6.8686,Tracking Tag,2024-06-12 02:55:51
Device_3,7.42,24.6577,6.3793,Tracking Tag,2024-06-12 02:55:52
Device_3,5.8504,23.1389,5.9971,Tracking Tag,2024-06-12 02:55:53
Device_3,4.4303,24.3948,6.2914,Tracking Tag,2024-06-12 02:55:54
Device_3,4.3815,23.9198,5.5314,Tracking Tag,2024-06-12 02:55:55
Device_3,6.2028,22.1355,4.9136,Tracking Tag,2024-06-12 02:55:56
Device_3,4.7072,22.9804,5.0037,Tracking Tag,2024-06-12 02:55:57
Device_3,3.3432,24.4775,3.717,Tracking Tag,2024-06-12 02:55:58
Device_3,1.5451,23.8808,3.3606,Tracking Tag,2024-06-12 02:55:59
Device_3,3.468,22.8463,1.9417,Tracking Tag,2024-06-12 02:56:00
Device_3,2.1471,24.4756,0.0,Tracking Tag,2024-06-12 02:56:01
Device_3,3.9782,24.2407,0.0,Tracking Tag,2024-06-12 02:56:02
Device_3,4.8413,22.3512,0.0,Tracking Tag,2024-06-12 02:56:03
Device_3,5.4697,24.324,0.6218,Tracking Tag,2024-06-12 02:56:04
Device_3,5.4846,24.3139,1.3497,Tracking Tag,2024-06-12 02:56:05
Device_3,3.9579,24.0378,0.0,Tracking Tag,2024-06-12 02:56:06
Device_3,2.1335,24.1795,0.0184,Tracking Tag,2024-06-12 02:56:07
Device_3,1.8876,22.8412,0.0,Tracking Tag,2024-06-12 02:56:08
Device_3,0.0,22.3025,1.7126,Tracking Tag,2024-06-12 02:56:09
Device_3,0.5368,21.2788,2.6516,Tracking Tag,2024-06-12 02:56:10
Device_3,0.0,22.723,1.911,Tracking Tag,2024-06-12 02:56:11
Device_3,0.7618,22.8258,2.3577,Tracking Tag,2024-06-12 02:56:12
Device_3,1.4574,22.2152,1.3305,Tracking Tag,2024-06-12 02:56:13
Device_3,0.9846,23.2277,1.6002,Tracking Tag,2024-06-12 02:56:14
Device_3,2.1794,21.7053,2.3493,Tracking Tag,2024-06-12 02:56:15
Device_3,2.434,22.5062,1.2734,Tracking Tag,2024-06-12 02:56:16
Device_3,3.2045,22.5815,0.3761,Tracking Tag,2024-06-12 02:56:17
Device_3,3.4875,23.9571,1.4418,Tracking Tag,2024-06-12 02:56:18
Device_3,2.0961,23.0212,0.0,Tracking Tag,2024-06-12 02:56:19
Device_3,1.6305,24.225,0.228,Tracking Tag,2024-06-12 02:56:20
Device_3,2.189,23.6679,1.3496,Tracking Tag,2024-06-12 02:56:21
Device_3,2.9566,23.258,0.7836,Tracking Tag,2024-06-12 02:56:22
Device_3,3.7176,24.9711,2.6646,Tracking Tag,2024-06-12 02:56:23
Device_3,1.9952,25.0,1.3746,Tracking Tag,2024-06-12 02:56:24
Device_3,0.2143,24.3154,0.0039,Tracking Tag,2024-06-12 02:56:25
Device_3,1.1739,25.0,1.8666,Tracking Tag,2024-06-12 02:56:26
Device_3,0.0,25.0,0.2707,Tracking Tag,2024-06-12 02:56:27
Device_3,0.9836,25.0,0.0,Tracking Tag,2024-06-12 02:56:28
Device_3,1.3614,23.452,1.4682,Tracking Tag,2024-06-12 02:56:29
Device_3,2.9848,23.8607,2.1521,Tracking Tag,2024-06-12 02:56:30
Device_3,3.1036,25.0,2.2727,Tracking Tag,2024-06-12 02:56:31
Device_3,3.6967,25.0,1.7815,Tracking Tag,2024-06-12 02:56:32
Device_3,1.9412,25.0,1.1335,Tracking Tag,2024-06-12 02:56:33
Device_3,0.9405,23.7085,1.6448,Tracking Tag,2024-06-12 02:56:34
Device_3,1.0482,23.7783,0.0,Tracking Tag,2024-06-12 02:56:35
Device_3,2.4805,24.5878,0.0,Tracking Tag,2024-06-12 02:56:36
Device_3,3.3926,25.0,0.5307,Tracking Tag,2024-06-12 02:56:37
Device_3,5.0284,25.0,0.0,Tracking Tag,2024-06-12 02:56:38
Device_3,5.0431,25.0,0.0,Tracking Tag,2024-06-12 02:56:39
Device_3,6.5859,24.9685,0.0,Tracking Tag,2024-06-12 02:56:40
Device_3,5.0858,24.8994,0.0,Tracking Tag,2024-06-12 02:56:41
Device_3,3.518,24.3615,0.0,Tracking Tag,2024-06-12 02:56:42
Device_3,2.0142,22.8526,1.6841,Tracking Tag,2024-06-12 02:56:43
Device_3,1.3262,21.6284,2.6767,Tracking Tag,2024-06-12 02:56:44
Device_3,0.6606,20.1975,2.9498,Tracking Tag,2024-06-12 02:56:45
Device_3,2.3217,21.2551,1.3425,Tracking Tag,2024-06-12 02:56:46
Device_3,1.9782,19.9471,0.5521,Tracking Tag,2024-06-12 02:56:47
Device_3,0.8745,19.5711,0.0,Tracking Tag,2024-06-12 02:56:48
Device_3,0.0,19.7517,0.0,Tracking Tag,2024-06-12 02:56:49
Device_3,0.0,19.5152,0.0,Tracking Tag,2024-06-12 02:56:50
Device_3,1.2549,21.3534,0.5247,Tracking Tag,2024-06-12 02:56:51
Device_3,2.0937,20.7918,0.6905,Tracking Tag,2024-06-12 02:56:52
Device_3,2.1876,18.9376,0.1264,Tracking Tag,2024-06-12 02:56:53
Device_3,1.3019,19.4106,0.271,Tracking Tag,2024-06-12 02:56:54
Device_3,0.0,19.5353,0.0,Tracking Tag,2024-06-12 02:56:55
Device_3,0.0065,18.8117,0.818,Tracking Tag,2024-06-12 02:56:56
Device_3,0.0,18.9963,0.1809,Tracking Tag,2024-06-12 02:56:57
Device_3,0.0,19.9832,0.0,Tracking Tag,2024-06-12 02:56:58
Device_3,0.0,20.0018,0.0676,Tracking Tag,2024-06-12 02:56:59
Device_3,0.0,21.5446,0.6568,Tracking Tag,2024-06-12 02:57:00
Device_3,0.48,19.7045,2.5211,Tracking Tag,2024-06-12 02:57:01
Device_3,0.0,19.221,4.2296,Tracking Tag,2024-06-12 02:57:02
Device_3,0.0,18.5723,3.957,Tracking Tag,2024-06-12 02:57:03
Device_3,0.5051,19.4777,4.9524,Tracking Tag,2024-06-12 02:57:04
Device_3,1.7163,19.3562,4.602,Tracking Tag,2024-06-12 02:57:05
Device_3,0.0,19.9054,3.0912,Tracking Tag,2024-06-12 02:57:06
Device_3,0.0,18.1734,2.331,Tracking Tag,2024-06-12 02:57:07
Device_3,0.327,18.863,0.7963,Tracking Tag,2024-06-12 02:57:08
Device_3,0.0,18.0805,1.1894,Tracking Tag,2024-06-12 02:57:09
Device_3,1.3245,19.7202,2.3409,Tracking Tag,2024-06-12 02:57:10
Device_3,3.0913,21.3124,2.5604,Tracking Tag,2024-06-12 02:57:11
Device_3,2.5828,21.8586,0.7957,Tracking Tag,2024-06-12 02:57:12
Device_3,2.878,19.942,0.6504,Tracking Tag,2024-06-12 02:57:13
Device_3,1.7016,18.7165,0.0,Tracking Tag,2024-06-12 02:57:14
Device_3,1.3832,19.8071,0.9552,Tracking Tag,2024-06-12 02:57:15
Device_3,2.2954,18.4321,1.1977,Tracking Tag,2024-06-12 02:57:16
Device_3,3.7188,18.5927,0.0,Tracking Tag,2024-06-12 02:57:17
Device_3,3.6987,18.46,0.0,Tracking Tag,2024-06-12 02:57:18
Device_3,4.8833,17.4735,0.0,Tracking Tag,2024-06-12 02:57:19
Device_3,6.0392,15.6861,1.7651,Tracking Tag,2024-06-12 02:57:20
Device_3,6.6644,15.6613,1.095,Tracking Tag,2024-06-12 02:57:21
Device_3,7.133,15.7995,1.1555,Tracking Tag,2024-06-12 02:57:22
Device_3,5.2777,16.3859,0.0,Tracking Tag,2024-06-12 02:57:23
Device_3,7.2158,16.9227,0.0,Tracking Tag,2024-06-12 02:57:24
Device_3,6.1637,16.5893,0.0,Tracking Tag,2024-06-12 02:57:25
Device_3,7.6074,17.91,0.0,Tracking Tag,2024-06-12 02:57:26
Device_3,6.9035,19.8599,1.91,Tracking Tag,2024-06-12 02:57:27
Device_3,5.655,20.2099,2.6834,Tracking Tag,2024-06-12 02:57:28
Device_3,6.7992,19.681,4.1699,Tracking Tag,2024-06-12 02:57:29
Device_3,6.7988,21.3201,5.6506,Tracking Tag,2024-06-12 02:57:30
Device_3,6.5868,22.6049,5.7009,Tracking Tag,2024-06-12 02:57:31
Device_3,6.3208,22.2808,4.7094,Tracking Tag,2024-06-12 02:57:32
Device_3,7.6777,24.053,5.4593,Tracking Tag,2024-06-12 02:57:33
Device_3,9.0897,25.0,4.5685,Tracking Tag,2024-06-12 02:57:34
Device_3,8.0319,23.1657,4.7089,Tracking Tag,2024-06-12 02:57:35
Device_3,6.2456,24.4064,4.2743,Tracking Tag,2024-06-12 02:57:36
Device_3,6.7698,24.1473,4.1808,Tracking Tag,2024-06-12 02:57:37
Device_3,7.4574,25.0,4.79,Tracking Tag,2024-06-12 02:57:38
Device_3,6.5551,23.3253,5.1403,Tracking Tag,2024-06-12 02:57:39
Device_3,4.9702,23.5854,5.9151,Tracking Tag,2024-06-12 02:57:40
Device_3,3.1223,25.0,4.7395,Tracking Tag,2024-06-12 02:57:41
Device_3,1.9267,24.4871,5.8573,Tracking Tag,2024-06-12 02:57:42
Device_3,3.4399,24.7328,7.6535,Tracking Tag,2024-06-12 02:57:43
Device_3,2.7484,24.388,8.1141,Tracking Tag,2024-06-12 02:57:44
Device_3,3.7074,25.0,7.2091,Tracking Tag,2024-06-12 02:57:45
Device_3,5.025,24.3927,6.0663,Tracking Tag,2024-06-12 02:57:46
Device_3,3.0997,23.0343,4.4417,Tracking Tag,2024-06-12 02:57:47
Device_3,3.216,21.9769,3.3856,Tracking Tag,2024-06-12 02:57:48
Device_3,4.0299,20.1565,3.3622,Tracking Tag,2024-06-12 02:57:49
Device_3,4.3838,22.1088,3.9246,Tracking Tag,2024-06-12 02:57:50
Device_3,4.6051,21.8036,2.8711,Tracking Tag,2024-06-12 02:57:51
Device_3,5.204,22.5534,4.0995,Tracking Tag,2024-06-12 02:57:52
Device_3,3.5524,22.0542,2.6164,Tracking Tag,2024-06-12 02:57:53
Device_3,1.821,21.2491,0.8502,Tracking Tag,2024-06-12 02:57:54
Device_3,0.0,22.011,2.5498,Tracking Tag,2024-06-12 02:57:55
Device_3,1.3714,22.7747,1.3166,Tracking Tag,2024-06-12 02:57:56
Device_3,0.4285,24.6527,0.36,Tracking Tag,2024-06-12 02:57:57
Device_3,1.4934,24.3735,1.6714,Tracking Tag,2024-06-12 02:57:58
Device_3,0.506,23.566,0.084,Tracking Tag,2024-06-12 02:57:59
Device_3,2.418,23.3375,1.8025,Tracking Tag,2024-06-12 02:58:00
Device_3,3.64,23.5971,0.6989,Tracking Tag,2024-06-12 02:58:01
Device_3,4.8711,22.0616,0.0,Tracking Tag,2024-06-12 02:58:02
Device_3,5.0365,23.7111,0.6106,Tracking Tag,2024-06-12 02:58:03
Device_3,3.8625,24.0757,0.4025,Tracking Tag,2024-06-12 02:58:04
Device_3,3.3479,24.5248,1.689,Tracking Tag,2024-06-12 02:58:05
Device_3,3.3755,25.0,3.3663,Tracking Tag,2024-06-12 02:58:06
Device_3,2.3853,25.0,5.3337,Tracking Tag,2024-06-12 02:58:07
Device_3,1.9351,25.0,6.0253,Tracking Tag,2024-06-12 02:58:08
Device_3,0.4535,24.1049,5.9794,Tracking Tag,2024-06-12 02:58:09
Device_3,0.0,25.0,4.1248,Tracking Tag,2024-06-12 02:58:10
Device_3,1.9179,23.131,4.3747,Tracking Tag,2024-06-12 02:58:11
Device_3,0.9882,22.0176,6.163,Tracking Tag,2024-06-12 02:58:12
Device_3,1.4042,21.0804,8.0845,Tracking Tag,2024-06-12 02:58:13
Device_3,1.872,22.6271,8.1169,Tracking Tag,2024-06-12 02:58:14
Device_3,3.2628,22.9981,8.1261,Tracking Tag,2024-06-12 02:58:15
Device_3,3.0583,22.2982,7.047,Tracking Tag,2024-06-12 02:58:16
Device_3,3.5761,22.7696,5.8424,Tracking Tag,2024-06-12 02:58:17
Device_3,2.7743,23.5471,6.6902,Tracking Tag,2024-06-12 02:58:18
Device_3,3.6473,21.6472,5.033,Tracking Tag,2024-06-12 02:58:19
Device_3,2.7319,22.18,5.6874,Tracking Tag,2024-06-12 02:58:20
Device_3,4.3339,20.6933,3.8961,Tracking Tag,2024-06-12 02:58:21
Device_3,5.2519,21.8593,4.8714,Tracking Tag,2024-06-12 02:58:22
Device_3,6.9726,23.3551,4.3048,Tracking Tag,2024-06-12 02:58:23
Device_3,8.4452,23.139,5.3032,Tracking Tag,2024-06-12 02:58:24
Device_3,8.631,23.2344,7.2239,Tracking Tag,2024-06-12 02:58:25
Device_3,8.5007,24.6838,7.2315,Tracking Tag,2024-06-12 02:58:26
Device_3,9.3899,22.6925,7.3385,Tracking Tag,2024-06-12 02:58:27
Device_3,7.8735,24.1786,5.5587,Tracking Tag,2024-06-12 02:58:28
Device_3,7.2799,25.0,6.003,Tracking Tag,2024-06-12 02:58:29
Device_3,5.8917,25.0,7.1236,Tracking Tag,2024-06-12 02:58:30
Device_3,5.9469,25.0,8.1712,Tracking Tag,2024-06-12 02:58:31
Device_3,6.422,25.0,9.9547,Tracking Tag,2024-06-12 02:58:32
Device_3,8.1104,25.0,10.1,Tracking Tag,2024-06-12 02:58:33
Device_3,8.9941,25.0,9.8535,Tracking Tag,2024-06-12 02:58:34
Device_3,8.4931,23.9095,9.6148,Tracking Tag,2024-06-12 02:58:35
Device_3,6.8784,24.8988,8.739,Tracking Tag,2024-06-12 02:58:36
Device_3,7.4392,23.7401,8.3404,Tracking Tag,2024-06-12 02:58:37
Device_3,6.3514,21.8863,9.5733,Tracking Tag,2024-06-12 02:58:38
Device_3,6.6082,22.3235,11.568,Tracking Tag,2024-06-12 02:58:39
Device_3,6.5316,22.2208,13.507,Tracking Tag,2024-06-12 02:58:40
Device_3,8.5295,22.9579,13.3945,Tracking Tag,2024-06-12 02:58:41
Device_3,6.8743,24.7244,12.7298,Tracking Tag,2024-06-12 02:58:42
Device_3,6.3456,25.0,14.6818,Tracking Tag,2024-06-12 02:58:43
Device_3,8.3035,23.7498,13.3458,Tracking Tag,2024-06-12 02:58:44
Device_3,9.9847,23.7106,14.5335,Tracking Tag,2024-06-12 02:58:45
Device_3,8.0614,23.8218,12.552,Tracking Tag,2024-06-12 02:58:46
Device_3,6.4844,22.2182,12.3494,Tracking Tag,2024-06-12 02:58:47
Device_3,6.3129,21.5681,12.1031,Tracking Tag,2024-06-12 02:58:48
Device_3,5.7464,22.0771,11.047,Tracking Tag,2024-06-12 02:58:49
Device_3,5.9452,23.6756,12.567,Tracking Tag,2024-06-12 02:58:50
Device_3,7.014,22.8381,11.2815,Tracking Tag,2024-06-12 02:58:51
Device_3,6.8804,23.581,11.2746,Tracking Tag,2024-06-12 02:58:52
Device_3,8.1237,22.4742,9.478,Tracking Tag,2024-06-12 02:58:53
Device_3,7.6493,23.6435,10.6464,Tracking Tag,2024-06-12 02:58:54
Device_3,9.5246,23.9426,11.7555,Tracking Tag,2024-06-12 02:58:55
Device_3,9.7616,22.312,10.8263,Tracking Tag,2024-06-12 02:58:56
Device_3,9.9004,21.4851,12.3407,Tracking Tag,2024-06-12 02:58:57
Device_3,10.9012,22.0091,12.6161,Tracking Tag,2024-06-12 02:58:58
Device_3,11.315,20.3393,14.3434,Tracking Tag,2024-06-12 02:58:59
Device_3,10.0794,22.1285,13.2109,Tracking Tag,2024-06-12 02:59:00
Device_3,8.901,23.0436,14.1225,Tracking Tag,2024-06-12 02:59:01
Device_3,10.7446,24.7409,14.5183,Tracking Tag,2024-06-12 02:59:02
Device_3,9.9694,24.4796,16.0287,Tracking Tag,2024-06-12 02:59:03
Device_3,9.0238,24.3105,17.4195,Tracking Tag,2024-06-12 02:59:04
Device_3,9.3651,23.9715,17.3371,Tracking Tag,2024-06-12 02:59:05
Device_3,8.7961,22.9082,16.8023,Tracking Tag,2024-06-12 02:59:06
Device_3,10.4306,21.4072,15.1148,Tracking Tag,2024-06-12 02:59:07
Device_3,9.3448,22.2562,13.8861,Tracking Tag,2024-06-12 02:59:08
Device_3,10.2605,22.6927,15.3716,Tracking Tag,2024-06-12 02:59:09
Device_3,8.4911,22.1303,15.9233,Tracking Tag,2024-06-12 02:59:10
Device_3,9.5929,20.1789,17.7968,Tracking Tag,2024-06-12 02:59:11
Device_3,8.8191,21.2062,15.9142,Tracking Tag,2024-06-12 02:59:12
Device_3,9.3431,19.4752,15.2663,Tracking Tag,2024-06-12 02:59:13
Device_3,10.7872,17.9223,16.8714,Tracking Tag,2024-06-12 02:59:14
Device_3,8.9394,19.0531,18.5398,Tracking Tag,2024-06-12 02:59:15
Device_3,8.772,17.2222,16.5715,Tracking Tag,2024-06-12 02:59:16
Device_3,9.9494,15.3737,14.6908,Tracking Tag,2024-06-12 02:59:17
Device_3,11.0654,17.1997,15.8885,Tracking Tag,2024-06-12 02:59:18
Device_3,10.4763,18.2592,15.526,Tracking Tag,2024-06-12 02:59:19
Device_3,11.603,17.1314,13.5585,Tracking Tag,2024-06-12 02:59:20
Device_3,9.6602,15.5175,11.9113,Tracking Tag,2024-06-12 02:59:21
Device_3,8.9743,14.6559,13.3584,Tracking Tag,2024-06-12 02:59:22
Device_3,7.3237,15.4757,14.9994,Tracking Tag,2024-06-12 02:59:23
Device_3,6.902,15.199,13.0365,Tracking Tag,2024-06-12 02:59:24
Device_3,5.8094,14.0216,14.1837,Tracking Tag,2024-06-12 02:59:25
Device_3,7.351,13.1796,12.4776,Tracking Tag,2024-06-12 02:59:26
Device_3,5.5603,14.3172,12.9681,Tracking Tag,2024-06-12 02:59:27
Device_3,5.2132,13.3882,11.5415,Tracking Tag,2024-06-12 02:59:28
Device_3,6.4577,11.6375,9.8786,Tracking Tag,2024-06-12 02:59:29
Device_3,7.2201,12.5733,9.2383,Tracking Tag,2024-06-12 02:59:30
Device_3,5.9856,12.5333,10.8064,Tracking Tag,2024-06-12 02:59:31
Device_3,4.7769,14.0048,12.5591,Tracking Tag,2024-06-12 02:59:32
Device_3,3.1588,13.1828,14.0111,Tracking Tag,2024-06-12 02:59:33
Device_3,4.2862,13.5213,12.0807,Tracking Tag,2024-06-12 02:59:34
Device_3,3.9592,11.8161,13.6052,Tracking Tag,2024-06-12 02:59:35
Device_3,4.9834,10.206,15.2033,Tracking Tag,2024-06-12 02:59:36
Device_3,4.8379,9.7114,13.3927,Tracking Tag,2024-06-12 02:59:37
Device_3,5.2914,11.4414,12.4462,Tracking Tag,2024-06-12 02:59:38
Device_3,7.1548,12.9413,11.7414,Tracking Tag,2024-06-12 02:59:39
Device_3,7.667,11.2569,13.6683,Tracking Tag,2024-06-12 02:59:40
Device_4,5.9208,19.4864,4.2369,Phone,2024-06-12 02:54:41
Device_4,5.1992,21.3717,3.5921,Phone,2024-06-12 02:54:42
Device_4,4.7715,22.8416,2.586,Phone,2024-06-12 02:54:43
Device_4,4.82,23.5331,0.6669,Phone,2024-06-12 02:54:44
Device_4,3.5913,22.0087,0.5166,Phone,2024-06-12 02:54:45
Device_4,5.3622,23.0781,1.5439,Phone,2024-06-12 02:54:46
Device_4,7.2966,21.5961,3.298,Phone,2024-06-12 02:54:47
Device_4,7.1329,22.882,3.3576,Phone,2024-06-12 02:54:48
Device_4,7.716,21.0449,4.498,Phone,2024-06-12 02:54:49
Device_4,7.6508,20.117,3.6326,Phone,2024-06-12 02:54:50
Device_4,9.2088,21.3196,4.8125,Phone,2024-06-12 02:54:51
Device_4,7.4885,20.1563,4.724,Phone,2024-06-12 02:54:52
Device_4,6.8198,19.0638,5.7143,Phone,2024-06-12 02:54:53
Device_4,7.2837,18.4257,6.5137,Phone,2024-06-12 02:54:54
Device_4,6.2369,17.4032,4.9884,Phone,2024-06-12 02:54:55
Device_4,6.0683,16.4131,3.501,Phone,2024-06-12 02:54:56
Device_4,5.6578,15.8024,2.68,Phone,2024-06-12 02:54:57
Device_4,4.5982,17.6968,2.7872,Phone,2024-06-12 02:54:58
Device_4,5.8902,16.8901,4.0035,Phone,2024-06-12 02:54:59
Device_4,6.4332,15.97,4.8126,Phone,2024-06-12 02:55:00
Device_4,5.1413,16.7802,3.9929,Phone,2024-06-12 02:55:01
Device_4,3.8998,18.3868,4.9061,Phone,2024-06-12 02:55:02
Device_4,4.8527,19.6806,6.363,Phone,2024-06-12 02:55:03
Device_4,6.465,18.3065,7.6263,Phone,2024-06-12 02:55:04
Device_4,6.4,19.3153,7.0529,Phone,2024-06-12 02:55:05
Device_4,6.1032,19.5547,6.1704,Phone,2024-06-12 02:55:06
Device_4,5.0622,21.4869,4.5318,Phone,2024-06-12 02:55:07
Device_4,5.3908,20.663,4.4922,Phone,2024-06-12 02:55:08
Device_4,7.2019,21.2179,4.1731,Phone,2024-06-12 02:55:09
Device_4,7.5904,19.5351,3.0759,Phone,2024-06-12 02:55:10
Device_4,9.555,17.5769,4.7055,Phone,2024-06-12 02:55:11
Device_4,11.0736,16.9275,3.374,Phone,2024-06-12 02:55:12
Device_4,12.8164,16.3446,5.3179,Phone,2024-06-12 02:55:13
Device_4,14.2827,18.3402,4.9109,Phone,2024-06-12 02:55:14
Device_4,15.6879,19.1252,4.0536,Phone,2024-06-12 02:55:15
Device_4,14.3228,19.0313,5.4448,Phone,2024-06-12 02:55:16
Device_4,15.7913,18.2809,4.4212,Phone,2024-06-12 02:55:17
Device_4,16.9884,18.1145,4.7958,Phone,2024-06-12 02:55:18
Device_4,17.7081,18.3859,5.2188,Phone,2024-06-12 02:55:19
Device_4,16.2208,19.919,5.3337,Phone,2024-06-12 02:55:20
Device_4,17.0508,19.3057,3.4123,Phone,2024-06-12 02:55:21
Device_4,16.1134,18.7573,5.1978,Phone,2024-06-12 02:55:22
Device_4,16.2801,17.0505,7.0944,Phone,2024-06-12 02:55:23
Device_4,15.6573,18.8534,6.3602,Phone,2024-06-12 02:55:24
Device_4,16.2196,17.705,8.0697,Phone,2024-06-12 02:55:25
Device_4,15.1954,18.5654,8.6884,Phone,2024-06-12 02:55:26
Device_4,17.0313,19.9727,8.7823,Phone,2024-06-12 02:55:27
Device_4,16.4237,18.978,9.3122,Phone,2024-06-12 02:55:28
Device_4,15.0593,20.1812,7.5179,Phone,2024-06-12 02:55:29
Device_4,13.8534,19.3562,8.0332,Phone,2024-06-12 02:55:30
Device_4,15.1663,17.9922,9.3199,Phone,2024-06-12 02:55:31
Device_4,16.9857,17.1935,8.6859,Phone,2024-06-12 02:55:32
Device_4,17.3942,15.5522,8.2002,Phone,2024-06-12 02:55:33
Device_4,19.3486,16.5931,6.4979,Phone,2024-06-12 02:55:34
Device_4,20.3572,14.8125,7.22,Phone,2024-06-12 02:55:35
Device_4,21.6605,13.1423,7.1301,Phone,2024-06-12 02:55:36
Device_4,22.0899,14.8865,9.0564,Phone,2024-06-12 02:55:37
Device_4,20.9255,14.1744,10.2494,Phone,2024-06-12 02:55:38
Device_4,22.3506,13.087,8.4388,Phone,2024-06-12 02:55:39
Device_4,23.1244,11.3852,7.616,Phone,2024-06-12 02:55:40
Device_4,21.4649,12.6998,8.5095,Phone,2024-06-12 02:55:41
Device_4,19.9478,11.7533,10.1459,Phone,2024-06-12 02:55:42
Device_4,19.7696,13.4696,9.0903,Phone,2024-06-12 02:55:43
Device_4,21.4729,12.6303,7.9101,Phone,2024-06-12 02:55:44
Device_4,19.5616,14.5667,7.691,Phone,2024-06-12 02:55:45
Device_4,17.7489,13.5945,9.2082,Phone,2024-06-12 02:55:46
Device_4,17.5637,12.8441,9.6881,Phone,2024-06-12 02:55:47
Device_4,16.7266,11.4312,7.9811,Phone,2024-06-12 02:55:48
Device_4,16.8283,13.3383,7.8362,Phone,2024-06-12 02:55:49
Device_4,18.3161,13.0913,7.9342,Phone,2024-06-12 02:55:50
Device_4,20.2926,13.8917,8.5968,Phone,2024-06-12 02:55:51
Device_4,21.5416,13.7408,8.0062,Phone,2024-06-12 02:55:52
Device_4,22.1027,15.2949,8.7971,Phone,2024-06-12 02:55:53
Device_4,24.0553,17.2348,8.403,Phone,2024-06-12 02:55:54
Device_4,22.102,18.0916,9.5853,Phone,2024-06-12 02:55:55
Device_4,20.331,18.7565,10.8368,Phone,2024-06-12 02:55:56
Device_4,20.8209,19.6189,9.4273,Phone,2024-06-12 02:55:57
Device_4,20.7226,19.8382,9.6927,Phone,2024-06-12 02:55:58
Device_4,21.0475,19.3184,8.6098,Phone,2024-06-12 02:55:59
Device_4,19.9998,18.7396,8.4895,Phone,2024-06-12 02:56:00
Device_4,20.4981,19.8728,7.0161,Phone,2024-06-12 02:56:01
Device_4,21.0712,18.3007,6.5789,Phone,2024-06-12 02:56:02
Device_4,19.452,16.3128,5.7682,Phone,2024-06-12 02:56:03
Device_4,21.0349,14.9774,6.17,Phone,2024-06-12 02:56:04
Device_4,22.3748,15.6185,7.5665,Phone,2024-06-12 02:56:05
Device_4,22.9337,15.2061,6.4352,Phone,2024-06-12 02:56:06
Device_4,21.3136,15.6714,6.5161,Phone,2024-06-12 02:56:07
Device_4,20.9024,16.5048,5.2393,Phone,2024-06-12 02:56:08
Device_4,20.9193,16.4933,3.3164,Phone,2024-06-12 02:56:09
Device_4,19.8369,18.0877,2.2574,Phone,2024-06-12 02:56:10
Device_4,18.954,18.6374,1.6069,Phone,2024-06-12 02:56:11
Device_4,20.6688,18.5396,2.3115,Phone,2024-06-12 02:56:12
Device_4,22.2972,16.9237,0.3311,Phone,2024-06-12 02:56:13
Device_4,20.9748,18.6436,0.0,Phone,2024-06-12 02:56:14
Device_4,21.8706,18.4957,1.73,Phone,2024-06-12 02:56:15
Device_4,23.4178,18.835,1.0906,Phone,2024-06-12 02:56:16
Device_4,22.6946,20.5671,1.2519,Phone,2024-06-12 02:56:17
Device_4,23.984,21.8952,1.1554,Phone,2024-06-12 02:56:18
Device_4,23.1412,21.6601,0.8265,Phone,2024-06-12 02:56:19
Device_4,21.297,23.4394,0.0,Phone,2024-06-12 02:56:20
Device_4,22.6049,24.7911,0.8184,Phone,2024-06-12 02:56:21
Device_4,24.3728,23.9046,1.7227,Phone,2024-06-12 02:56:22
Device_4,25.0,22.0551,3.5476,Phone,2024-06-12 02:56:23
Device_4,24.6347,23.6273,2.624,Phone,2024-06-12 02:56:24
Device_4,25.0,22.9483,2.9881,Phone,2024-06-12 02:56:25
Device_4,25.0,21.3593,2.7221,Phone,2024-06-12 02:56:26
Device_4,25.0,22.5918,0.8362,Phone,2024-06-12 02:56:27
Device_4,24.9706,21.6958,0.0,Phone,2024-06-12 02:56:28
Device_4,24.1443,23.2995,0.0,Phone,2024-06-12 02:56:29
Device_4,25.0,24.4974,0.0,Phone,2024-06-12 02:56:30
Device_4,24.7062,23.515,1.0319,Phone,2024-06-12 02:56:31
Device_4,22.9681,24.7889,0.0,Phone,2024-06-12 02:56:32
Device_4,23.9127,23.3929,0.0,Phone,2024-06-12 02:56:33
Device_4,23.2202,23.9777,0.0,Phone,2024-06-12 02:56:34
Device_4,23.4305,25.0,0.0,Phone,2024-06-12 02:56:35
Device_4,25.0,23.212,1.1579,Phone,2024-06-12 02:56:36
Device_4,24.09,25.0,0.0,Phone,2024-06-12 02:56:37
Device_4,25.0,25.0,0.2217,Phone,2024-06-12 02:56:38
Device_4,24.7562,23.8475,1.8011,Phone,2024-06-12 02:56:39
Device_4,23.8821,23.1307,2.1068,Phone,2024-06-12 02:56:40
Device_4,24.2895,24.5909,0.3132,Phone,2024-06-12 02:56:41
Device_4,25.0,24.3565,1.6683,Phone,2024-06-12 02:56:42
Device_4,25.0,25.0,3.5808,Phone,2024-06-12 02:56:43
Device_4,25.0,23.1074,3.4352,Phone,2024-06-12 02:56:44
Device_4,24.0109,24.3617,2.9448,Phone,2024-06-12 02:56:45
Device_4,23.6677,24.6626,2.9122,Phone,2024-06-12 02:56:46
Device_4,22.3974,24.3999,1.488,Phone,2024-06-12 02:56:47
Device_4,21.9646,25.0,1.6052,Phone,2024-06-12 02:56:48
Device_4,20.3621,23.2318,0.3609,Phone,2024-06-12 02:56:49
Device_4,20.2947,24.4411,0.0,Phone,2024-06-12 02:56:50
Device_4,19.6676,24.1376,0.0,Phone,2024-06-12 02:56:51
Device_4,21.4238,23.6221,1.2081,Phone,2024-06-12 02:56:52
Device_4,20.2969,21.6946,1.9462,Phone,2024-06-12 02:56:53
Device_4,22.0406,21.25,3.1106,Phone,2024-06-12 02:56:54
Device_4,21.5963,19.3603,4.9787,Phone,2024-06-12 02:56:55
Device_4,20.5924,18.4764,4.6578,Phone,2024-06-12 02:56:56
Device_4,20.5134,17.8371,6.5122,Phone,2024-06-12 02:56:57
Device_4,22.2319,19.4713,7.1134,Phone,2024-06-12 02:56:58
Device_4,21.6654,20.3924,8.0784,Phone,2024-06-12 02:56:59
Device_4,22.136,21.4415,10.0297,Phone,2024-06-12 02:57:00
Device_4,21.9973,21.6953,11.1729,Phone,2024-06-12 02:57:01
Device_4,20.6327,20.8548,9.4464,Phone,2024-06-12 02:57:02
Device_4,20.9647,21.1822,9.4313,Phone,2024-06-12 02:57:03
Device_4,19.5275,20.6569,10.0327,Phone,2024-06-12 02:57:04
Device_4,17.6417,22.6274,9.4666,Phone,2024-06-12 02:57:05
Device_4,16.495,20.7375,7.8086,Phone,2024-06-12 02:57:06
Device_4,18.3247,21.8244,8.588,Phone,2024-06-12 02:57:07
Device_4,17.9887,21.933,6.7134,Phone,2024-06-12 02:57:08
Device_4,18.7997,21.0433,6.0205,Phone,2024-06-12 02:57:09
Device_4,19.1105,20.6161,5.6613,Phone,2024-06-12 02:57:10
Device_4,18.2759,21.0163,4.744,Phone,2024-06-12 02:57:11
Device_4,17.8659,21.2073,5.9828,Phone,2024-06-12 02:57:12
Device_4,18.7752,19.687,7.6097,Phone,2024-06-12 02:57:13
Device_4,18.457,20.0225,8.9505,Phone,2024-06-12 02:57:14
Device_4,20.0008,18.2441,10.2901,Phone,2024-06-12 02:57:15
Device_4,19.3728,19.5983,8.4663,Phone,2024-06-12 02:57:16
Device_4,17.7135,20.5606,9.3901,Phone,2024-06-12 02:57:17
Device_4,18.3368,22.5515,10.8367,Phone,2024-06-12 02:57:18
Device_4,16.3916,24.5381,9.8173,Phone,2024-06-12 02:57:19
Device_4,16.2454,22.6116,9.3572,Phone,2024-06-12 02:57:20
Device_4,14.814,22.05,8.8542,Phone,2024-06-12 02:57:21
Device_4,13.6787,21.4806,9.7864,Phone,2024-06-12 02:57:22
Device_4,12.1086,23.2125,10.1761,Phone,2024-06-12 02:57:23
Device_4,12.5998,21.5828,8.2906,Phone,2024-06-12 02:57:24
Device_4,12.4624,21.2125,7.5068,Phone,2024-06-12 02:57:25
Device_4,11.3947,21.2837,7.0722,Phone,2024-06-12 02:57:26
Device_4,12.007,20.9468,8.6528,Phone,2024-06-12 02:57:27
Device_4,11.7005,22.8752,8.6145,Phone,2024-06-12 02:57:28
Device_4,13.0799,22.5374,7.5568,Phone,2024-06-12 02:57:29
Device_4,12.0394,22.2266,5.699,Phone,2024-06-12 02:57:30
Device_4,10.3238,22.7277,6.3963,Phone,2024-06-12 02:57:31
Device_4,9.7057,22.3464,7.8694,Phone,2024-06-12 02:57:32
Device_4,11.4382,23.7094,8.3045,Phone,2024-06-12 02:57:33
Device_4,12.2126,22.2877,9.5031,Phone,2024-06-12 02:57:34
Device_4,12.4182,20.5676,7.7142,Phone,2024-06-12 02:57:35
Device_4,12.0562,21.47,8.5315,Phone,2024-06-12 02:57:36
Device_4,12.1212,22.4486,10.1395,Phone,2024-06-12 02:57:37
Device_4,13.217,23.6751,10.3094,Phone,2024-06-12 02:57:38
Device_4,13.8313,23.5185,11.219,Phone,2024-06-12 02:57:39
Device_4,15.7285,21.686,11.359,Phone,2024-06-12 02:57:40
Device_4,15.2383,22.9253,11.6496,Phone,2024-06-12 02:57:41
Device_4,13.5347,23.8773,12.5358,Phone,2024-06-12 02:57:42
Device_4,12.7109,22.0552,11.656,Phone,2024-06-12 02:57:43
Device_4,10.9407,22.3205,12.3919,Phone,2024-06-12 02:57:44
Device_4,11.6471,24.2322,10.5922,Phone,2024-06-12 02:57:45
Device_4,13.5999,22.3231,10.138,Phone,2024-06-12 02:57:46
Device_4,13.8676,24.0227,11.8343,Phone,2024-06-12 02:57:47
Device_4,15.1486,24.6031,10.1377,Phone,2024-06-12 02:57:48
Device_4,16.1884,23.2549,12.0037,Phone,2024-06-12 02:57:49
Device_4,17.6102,22.899,10.665,Phone,2024-06-12 02:57:50
Device_4,18.026,24.741,10.1096,Phone,2024-06-12 02:57:51
Device_4,18.6616,23.074,11.9336,Phone,2024-06-12 02:57:52
Device_4,17.9094,23.3322,12.2771,Phone,2024-06-12 02:57:53
Device_4,19.3896,21.639,12.7262,Phone,2024-06-12 02:57:54
Device_4,18.083,21.8466,13.4291,Phone,2024-06-12 02:57:55
Device_4,19.7148,21.577,14.6712,Phone,2024-06-12 02:57:56
Device_4,20.7209,23.0316,16.5959,Phone,2024-06-12 02:57:57
Device_4,22.4983,21.3474,17.0302,Phone,2024-06-12 02:57:58
Device_4,22.2502,20.6524,15.2528,Phone,2024-06-12 02:57:59
Device_4,24.2002,19.0092,14.7009,Phone,2024-06-12 02:58:00
Device_4,24.3972,20.0126,15.4682,Phone,2024-06-12 02:58:01
Device_4,25.0,21.718,17.3252,Phone,2024-06-12 02:58:02
Device_4,25.0,21.4381,17.4331,Phone,2024-06-12 02:58:03
Device_4,25.0,22.9285,16.4223,Phone,2024-06-12 02:58:04
Device_4,25.0,23.7578,17.8801,Phone,2024-06-12 02:58:05
Device_4,25.0,24.0917,17.04,Phone,2024-06-12 02:58:06
Device_4,25.0,25.0,16.0593,Phone,2024-06-12 02:58:07
Device_4,25.0,25.0,15.9509,Phone,2024-06-12 02:58:08
Device_4,25.0,24.4927,14.3742,Phone,2024-06-12 02:58:09
Device_4,25.0,22.8365,14.6655,Phone,2024-06-12 02:58:10
Device_4,25.0,21.6582,13.4791,Phone,2024-06-12 02:58:11
Device_4,24.1761,23.4867,11.6081,Phone,2024-06-12 02:58:12
Device_4,23.0869,21.6455,10.9614,Phone,2024-06-12 02:58:13
Device_4,23.3779,22.847,12.4023,Phone,2024-06-12 02:58:14
Device_4,25.0,21.5614,10.7375,Phone,2024-06-12 02:58:15
Device_4,23.0726,21.0211,9.7422,Phone,2024-06-12 02:58:16
Device_4,22.2055,20.6892,7.9037,Phone,2024-06-12 02:58:17
Device_4,20.2469,20.8406,5.9118,Phone,2024-06-12 02:58:18
Device_4,19.5866,20.9198,6.1698,Phone,2024-06-12 02:58:19
Device_4,18.6162,20.498,4.4114,Phone,2024-06-12 02:58:20
Device_4,20.2843,21.2625,3.7698,Phone,2024-06-12 02:58:21
Device_4,20.6976,22.2242,3.8961,Phone,2024-06-12 02:58:22
Device_4,18.9067,22.4986,2.4541,Phone,2024-06-12 02:58:23
Device_4,17.9334,23.2631,1.4465,Phone,2024-06-12 02:58:24
Device_4,16.1495,25.0,1.3237,Phone,2024-06-12 02:58:25
Device_4,15.7568,25.0,1.5418,Phone,2024-06-12 02:58:26
Device_4,15.9614,25.0,1.4958,Phone,2024-06-12 02:58:27
Device_4,16.9005,23.3366,2.4688,Phone,2024-06-12 02:58:28
Device_4,18.6559,21.4488,1.1674,Phone,2024-06-12 02:58:29
Device_4,19.9083,22.8773,2.375,Phone,2024-06-12 02:58:30
Device_4,20.5,21.3657,2.3481,Phone,2024-06-12 02:58:31
Device_4,19.2529,20.9549,0.8499,Phone,2024-06-12 02:58:32
Device_4,17.7312,19.888,0.5944,Phone,2024-06-12 02:58:33
Device_4,16.1964,21.6928,1.3,Phone,2024-06-12 02:58:34
Device_4,15.1389,22.0724,2.1737,Phone,2024-06-12 02:58:35
Device_4,13.3286,22.4946,1.0247,Phone,2024-06-12 02:58:36
Device_4,11.8424,20.73,0.0,Phone,2024-06-12 02:58:37
Device_4,11.526,20.8277,1.7143,Phone,2024-06-12 02:58:38
Device_4,11.1298,22.6789,3.6649,Phone,2024-06-12 02:58:39
Device_4,10.4671,22.7498,5.2283,Phone,2024-06-12 02:58:40
Device_4,11.6392,22.8488,6.0128,Phone,2024-06-12 02:58:41
Device_4,12.8504,22.8038,7.8255,Phone,2024-06-12 02:58:42
Device_4,14.2686,21.1482,6.4332,Phone,2024-06-12 02:58:43
Device_4,14.4574,19.7373,5.6677,Phone,2024-06-12 02:58:44
Device_4,14.628,18.7632,4.5903,Phone,2024-06-12 02:58:45
Device_4,15.5893,16.7856,5.0835,Phone,2024-06-12 02:58:46
Device_4,17.2284,16.5791,3.6491,Phone,2024-06-12 02:58:47
Device_4,17.1478,16.8363,4.2571,Phone,2024-06-12 02:58:48
Device_4,16.0248,14.9069,5.3047,Phone,2024-06-12 02:58:49
Device_4,17.5816,13.3805,4.1593,Phone,2024-06-12 02:58:50
Device_4,16.9256,13.8663,3.8245,Phone,2024-06-12 02:58:51
Device_4,18.6013,15.1516,4.3229,Phone,2024-06-12 02:58:52
Device_4,19.5563,14.355,4.3807,Phone,2024-06-12 02:58:53
Device_4,18.0546,13.4926,5.7137,Phone,2024-06-12 02:58:54
Device_4,17.6796,11.7126,5.9191,Phone,2024-06-12 02:58:55
Device_4,17.1046,12.5831,4.7638,Phone,2024-06-12 02:58:56
Device_4,17.7065,12.3216,4.92,Phone,2024-06-12 02:58:57
Device_4,15.9753,13.1301,3.9211,Phone,2024-06-12 02:58:58
Device_4,15.4914,14.8811,5.654,Phone,2024-06-12 02:58:59
Device_4,16.4985,13.7523,4.3999,Phone,2024-06-12 02:59:00
Device_4,17.4023,12.2425,5.07,Phone,2024-06-12 02:59:01
Device_4,18.133,10.9174,5.0679,Phone,2024-06-12 02:59:02
Device_4,19.1277,12.4007,4.37,Phone,2024-06-12 02:59:03
Device_4,20.4994,14.0254,3.1833,Phone,2024-06-12 02:59:04
Device_4,19.1065,15.0917,4.003,Phone,2024-06-12 02:59:05
Device_4,20.3184,16.5484,4.296,Phone,2024-06-12 02:59:06
Device_4,20.3722,16.9718,4.8242,Phone,2024-06-12 02:59:07
Device_4,19.4682,18.0123,2.9561,Phone,2024-06-12 02:59:08
Device_4,21.0021,19.2769,1.8912,Phone,2024-06-12 02:59:09
Device_4,19.8943,18.9025,2.4169,Phone,2024-06-12 02:59:10
Device_4,18.2821,17.0382,2.5725,Phone,2024-06-12 02:59:11
Device_4,20.1436,16.8908,1.1201,Phone,2024-06-12 02:59:12
Device_4,18.8552,15.0347,2.3809,Phone,2024-06-12 02:59:13
Device_4,18.8405,14.6468,3.4516,Phone,2024-06-12 02:59:14
Device_4,19.258,13.2215,1.9284,Phone,2024-06-12 02:59:15
Device_4,20.3566,14.9451,1.4065,Phone,2024-06-12 02:59:16
Device_4,19.1857,14.315,0.8318,Phone,2024-06-12 02:59:17
Device_4,18.1438,14.334,1.0641,Phone,2024-06-12 02:59:18
Device_4,19.9445,14.2525,2.9175,Phone,2024-06-12 02:59:19
Device_4,21.2032,14.9973,3.7943,Phone,2024-06-12 02:59:20
Device_4,22.9172,16.8973,3.0431,Phone,2024-06-12 02:59:21
Device_4,21.6037,17.4066,4.5733,Phone,2024-06-12 02:59:22
Device_4,19.7723,19.1162,5.4029,Phone,2024-06-12 02:59:23
Device_4,21.3485,20.5237,3.606,Phone,2024-06-12 02:59:24
Device_4,23.0081,22.0543,3.0371,Phone,2024-06-12 02:59:25
Device_4,21.2332,21.3846,4.6511,Phone,2024-06-12 02:59:26
Device_4,21.939,20.2805,3.9995,Phone,2024-06-12 02:59:27
Device_4,23.2346,18.8941,3.1606,Phone,2024-06-12 02:59:28
Device_4,24.0951,19.7406,1.9417,Phone,2024-06-12 02:59:29
Device_4,25.0,21.586,2.112,Phone,2024-06-12 02:59:30
Device_4,24.4291,20.4776,1.9277,Phone,2024-06-12 02:59:31
Device_4,25.0,21.3575,3.4759,Phone,2024-06-12 02:59:32
Device_4,25.0,20.3698,4.2008,Phone,2024-06-12 02:59:33
Device_4,25.0,20.733,2.6739,Phone,2024-06-12 02:59:34
Device_4,23.8118,19.095,4.0344,Phone,2024-06-12 02:59:35
Device_4,23.1936,17.3836,5.3638,Phone,2024-06-12 02:59:36
Device_4,23.0543,16.1898,4.5011,Phone,2024-06-12 02:59:37
Device_4,22.7391,16.7421,6.331,Phone,2024-06-12 02:59:38
Device_4,23.1792,15.5893,7.5275,Phone,2024-06-12 02:59:39
Device_4,22.7318,17.1877,6.7483,Phone,2024-06-12 02:59:40
Device_5,17.5466,8.7778,16.0907,Tracking Tag,2024-06-12 02:54:41
Device_5,17.0368,10.6957,15.9515,Tracking Tag,2024-06-12 02:54:42
Device_5,17.5792,11.2154,14.1086,Tracking Tag,2024-06-12 02:54:43
Device_5,19.2032,11.293,13.3067,Tracking Tag,2024-06-12 02:54:44
Device_5,18.4759,10.6317,14.3912,Tracking Tag,2024-06-12 02:54:45
Device_5,19.8709,11.931,12.6258,Tracking Tag,2024-06-12 02:54:46
Device_5,18.9996,10.0772,10.8927,Tracking Tag,2024-06-12 02:54:47
Device_5,19.8033,11.6743,9.2038,Tracking Tag,2024-06-12 02:54:48
Device_5,19.69,10.4778,8.556,Tracking Tag,2024-06-12 02:54:49
Device_5,18.1819,12.456,8.2951,Tracking Tag,2024-06-12 02:54:50
Device_5,19.3951,12.6245,6.982,Tracking Tag,2024-06-12 02:54:51
Device_5,18.5124,12.1171,8.1243,Tracking Tag,2024-06-12 02:54:52
Device_5,18.6391,10.7991,7.2863,Tracking Tag,2024-06-12 02:54:53
Device_5,20.4387,9.9084,8.4195,Tracking Tag,2024-06-12 02:54:54
Device_5,20.0725,10.623,6.5848,Tracking Tag,2024-06-12 02:54:55
Device_5,21.3937,10.6461,5.7865,Tracking Tag,2024-06-12 02:54:56
Device_5,22.9019,8.8438,5.2866,Tracking Tag,2024-06-12 02:54:57
Device_5,22.734,9.0078,5.2971,Tracking Tag,2024-06-12 02:54:58
Device_5,22.4167,9.0178,5.8129,Tracking Tag,2024-06-12 02:54:59
Device_5,20.4454,10.3503,3.8333,Tracking Tag,2024-06-12 02:55:00
Device_5,19.4921,10.7603,2.4787,Tracking Tag,2024-06-12 02:55:01
Device_5,18.7706,12.7107,0.9288,Tracking Tag,2024-06-12 02:55:02
Device_5,18.9623,12.5768,0.0,Tracking Tag,2024-06-12 02:55:03
Device_5,20.4797,12.7442,0.0,Tracking Tag,2024-06-12 02:55:04
Device_5,20.4338,10.9586,1.9495,Tracking Tag,2024-06-12 02:55:05
Device_5,19.1193,10.2962,1.1374,Tracking Tag,2024-06-12 02:55:06
Device_5,20.7401,8.7768,0.5035,Tracking Tag,2024-06-12 02:55:07
Device_5,21.508,7.5323,1.2038,Tracking Tag,2024-06-12 02:55:08
Device_5,21.6149,8.3872,0.0,Tracking Tag,2024-06-12 02:55:09
Device_5,21.4671,8.5743,0.0761,Tracking Tag,2024-06-12 02:55:10
Device_5,19.9915,8.1335,0.0,Tracking Tag,2024-06-12 02:55:11
Device_5,21.5493,6.1414,0.0,Tracking Tag,2024-06-12 02:55:12
Device_5,20.2233,6.3858,0.8049,Tracking Tag,2024-06-12 02:55:13
Device_5,20.2025,7.4761,0.0,Tracking Tag,2024-06-12 02:55:14
Device_5,19.4016,7.159,0.0,Tracking Tag,2024-06-12 02:55:15
Device_5,18.7962,7.7765,0.0,Tracking Tag,2024-06-12 02:55:16
Device_5,18.0218,7.0758,0.4902,Tracking Tag,2024-06-12 02:55:17
Device_5,17.0751,8.4478,2.4513,Tracking Tag,2024-06-12 02:55:18
Device_5,17.2873,9.3769,1.2942,Tracking Tag,2024-06-12 02:55:19
Device_5,16.676,10.9786,0.0,Tracking Tag,2024-06-12 02:55:20
Device_5,16.3839,9.9503,1.4814,Tracking Tag,2024-06-12 02:55:21
Device_5,14.9142,10.1936,0.0,Tracking Tag,2024-06-12 02:55:22
Device_5,14.6636,9.5765,0.2271,Tracking Tag,2024-06-12 02:55:23
Device_5,15.1545,10.5797,1.1279,Tracking Tag,2024-06-12 02:55:24
Device_5,15.4866,9.9093,2.1606,Tracking Tag,2024-06-12 02:55:25
Device_5,16.2127,10.4261,3.9951,Tracking Tag,2024-06-12 02:55:26
Device_5,16.4384,8.7182,3.6487,Tracking Tag,2024-06-12 02:55:27
Device_5,16.4906,9.7743,5.2609,Tracking Tag,2024-06-12 02:55:28
Device_5,18.4429,11.5159,6.347,Tracking Tag,2024-06-12 02:55:29
Device_5,18.8528,11.2747,7.9196,Tracking Tag,2024-06-12 02:55:30
Device_5,20.7641,11.2058,9.4045,Tracking Tag,2024-06-12 02:55:31
Device_5,19.739,9.5787,11.2527,Tracking Tag,2024-06-12 02:55:32
Device_5,21.5253,9.9467,10.3007,Tracking Tag,2024-06-12 02:55:33
Device_5,19.6563,10.4466,8.9121,Tracking Tag,2024-06-12 02:55:34
Device_5,18.1712,10.2849,10.8244,Tracking Tag,2024-06-12 02:55:35
Device_5,17.9678,8.7334,9.7485,Tracking Tag,2024-06-12 02:55:36
Device_5,17.3948,10.4236,11.1639,Tracking Tag,2024-06-12 02:55:37
Device_5,18.686,11.8132,12.5884,Tracking Tag,2024-06-12 02:55:38
Device_5,18.0825,12.0602,11.3217,Tracking Tag,2024-06-12 02:55:39
Device_5,18.2328,10.9427,10.8679,Tracking Tag,2024-06-12 02:55:40
Device_5,19.5837,12.2511,12.1892,Tracking Tag,2024-06-12 02:55:41
Device_5,19.7118,12.8704,13.6676,Tracking Tag,2024-06-12 02:55:42
Device_5,18.9856,11.5434,12.2189,Tracking Tag,2024-06-12 02:55:43
Device_5,19.2767,11.0902,13.9477,Tracking Tag,2024-06-12 02:55:44
Device_5,21.0809,9.8224,13.1363,Tracking Tag,2024-06-12 02:55:45
Device_5,20.514,8.6808,13.0773,Tracking Tag,2024-06-12 02:55:46
Device_5,21.2262,9.7748,12.2696,Tracking Tag,2024-06-12 02:55:47
Device_5,23.1692,11.7318,12.4104,Tracking Tag,2024-06-12 02:55:48
Device_5,24.5921,10.3352,11.7196,Tracking Tag,2024-06-12 02:55:49
Device_5,25.0,11.181,13.4826,Tracking Tag,2024-06-12 02:55:50
Device_5,25.0,11.7153,11.6429,Tracking Tag,2024-06-12 02:55:51
Device_5,24.1125,10.1474,13.0814,Tracking Tag,2024-06-12 02:55:52
Device_5,22.6931,9.6181,14.8893,Tracking Tag,2024-06-12 02:55:53
Device_5,22.4994,8.7004,13.7408,Tracking Tag,2024-06-12 02:55:54
Device_5,23.0132,6.8093,15.6878,Tracking Tag,2024-06-12 02:55:55
Device_5,22.9119,6.2694,13.9789,Tracking Tag,2024-06-12 02:55:56
Device_5,21.5811,7.3513,14.7866,Tracking Tag,2024-06-12 02:55:57
Device_5,20.7063,8.7099,13.161,Tracking Tag,2024-06-12 02:55:58
Device_5,22.1127,7.8365,12.4858,Tracking Tag,2024-06-12 02:55:59
Device_5,23.7412,6.9221,12.6708,Tracking Tag,2024-06-12 02:56:00
Device_5,23.4147,8.7314,10.86,Tracking Tag,2024-06-12 02:56:01
Device_5,22.0674,10.1203,9.6988,Tracking Tag,2024-06-12 02:56:02
Device_5,20.3819,8.6743,10.6561,Tracking Tag,2024-06-12 02:56:03
Device_5,21.1367,7.6225,9.4574,Tracking Tag,2024-06-12 02:56:04
Device_5,23.0119,9.4462,11.3437,Tracking Tag,2024-06-12 02:56:05
Device_5,23.652,10.6182,11.6724,Tracking Tag,2024-06-12 02:56:06
Device_5,24.3803,11.7217,9.8507,Tracking Tag,2024-06-12 02:56:07
Device_5,25.0,11.0774,9.428,Tracking Tag,2024-06-12 02:56:08
Device_5,23.7158,10.516,11.2726,Tracking Tag,2024-06-12 02:56:09
Device_5,23.9618,11.6561,13.0693,Tracking Tag,2024-06-12 02:56:10
Device_5,23.5962,10.7405,13.3939,Tracking Tag,2024-06-12 02:56:11
Device_5,22.0575,11.9565,14.7648,Tracking Tag,2024-06-12 02:56:12
Device_5,20.9909,13.3346,14.9037,Tracking Tag,2024-06-12 02:56:13
Device_5,21.6231,11.891,12.9761,Tracking Tag,2024-06-12 02:56:14
Device_5,21.0415,12.3861,10.9836,Tracking Tag,2024-06-12 02:56:15
Device_5,22.6626,11.0322,11.5572,Tracking Tag,2024-06-12 02:56:16
Device_5,21.77,12.9536,13.4909,Tracking Tag,2024-06-12 02:56:17
Device_5,23.1303,12.8769,13.3324,Tracking Tag,2024-06-12 02:56:18
Device_5,21.2021,13.5979,14.2128,Tracking Tag,2024-06-12 02:56:19
Device_5,21.0285,14.4111,12.3738,Tracking Tag,2024-06-12 02:56:20
Device_5,20.4891,15.6242,12.5627,Tracking Tag,2024-06-12 02:56:21
Device_5,20.1674,14.1839,11.8008,Tracking Tag,2024-06-12 02:56:22
Device_5,20.4284,16.0871,11.3399,Tracking Tag,2024-06-12 02:56:23
Device_5,19.0379,15.5081,10.2122,Tracking Tag,2024-06-12 02:56:24
Device_5,18.4599,14.0853,10.3516,Tracking Tag,2024-06-12 02:56:25
Device_5,20.4539,15.7592,11.0815,Tracking Tag,2024-06-12 02:56:26
Device_5,20.4343,17.7377,9.4182,Tracking Tag,2024-06-12 02:56:27
Device_5,22.18,16.901,9.1377,Tracking Tag,2024-06-12 02:56:28
Device_5,23.9663,18.3466,7.9189,Tracking Tag,2024-06-12 02:56:29
Device_5,23.0533,16.5886,8.166,Tracking Tag,2024-06-12 02:56:30
Device_5,23.2884,14.783,7.2508,Tracking Tag,2024-06-12 02:56:31
Device_5,22.8374,16.0934,5.8309,Tracking Tag,2024-06-12 02:56:32
Device_5,22.1908,14.5051,7.2377,Tracking Tag,2024-06-12 02:56:33
Device_5,21.6083,13.9453,5.7519,Tracking Tag,2024-06-12 02:56:34
Device_5,21.4189,15.0094,6.1657,Tracking Tag,2024-06-12 02:56:35
Device_5,21.8889,15.6918,4.8402,Tracking Tag,2024-06-12 02:56:36
Device_5,20.3318,17.2599,4.0638,Tracking Tag,2024-06-12 02:56:37
Device_5,21.4695,16.3658,3.6038,Tracking Tag,2024-06-12 02:56:38
Device_5,19.8101,15.2274,4.7387,Tracking Tag,2024-06-12 02:56:39
Device_5,21.432,15.8129,4.338,Tracking Tag,2024-06-12 02:56:40
Device_5,22.2068,15.5143,6.0585,Tracking Tag,2024-06-12 02:56:41
Device_5,21.5824,14.8003,6.3032,Tracking Tag,2024-06-12 02:56:42
Device_5,21.5488,16.7686,7.292,Tracking Tag,2024-06-12 02:56:43
Device_5,23.0952,15.0215,8.0429,Tracking Tag,2024-06-12 02:56:44
Device_5,23.6987,15.4643,7.3075,Tracking Tag,2024-06-12 02:56:45
Device_5,21.7051,15.1549,6.6767,Tracking Tag,2024-06-12 02:56:46
Device_5,21.3683,16.0829,4.8689,Tracking Tag,2024-06-12 02:56:47
Device_5,21.5224,14.3884,3.139,Tracking Tag,2024-06-12 02:56:48
Device_5,21.2224,15.47,4.2937,Tracking Tag,2024-06-12 02:56:49
Device_5,22.8598,15.2059,4.2606,Tracking Tag,2024-06-12 02:56:50
Device_5,24.6844,14.6001,3.0827,Tracking Tag,2024-06-12 02:56:51
Device_5,22.9177,13.8224,2.5646,Tracking Tag,2024-06-12 02:56:52
Device_5,23.9116,14.1915,0.751,Tracking Tag,2024-06-12 02:56:53
Device_5,23.7371,15.8696,2.3466,Tracking Tag,2024-06-12 02:56:54
Device_5,25.0,17.836,0.8674,Tracking Tag,2024-06-12 02:56:55
Device_5,23.4229,18.773,2.0598,Tracking Tag,2024-06-12 02:56:56
Device_5,23.0989,17.3985,3.0086,Tracking Tag,2024-06-12 02:56:57
Device_5,22.7165,17.6622,4.5068,Tracking Tag,2024-06-12 02:56:58
Device_5,24.437,18.0594,5.0514,Tracking Tag,2024-06-12 02:56:59
Device_5,23.3798,19.3096,6.7047,Tracking Tag,2024-06-12 02:57:00
Device_5,24.2687,17.9745,6.6491,Tracking Tag,2024-06-12 02:57:01
Device_5,23.103,19.1959,6.388,Tracking Tag,2024-06-12 02:57:02
Device_5,21.8805,17.7396,6.6774,Tracking Tag,2024-06-12 02:57:03
Device_5,21.5247,18.899,5.792,Tracking Tag,2024-06-12 02:57:04
Device_5,20.8559,19.7278,6.3919,Tracking Tag,2024-06-12 02:57:05
Device_5,20.6556,19.5587,6.2631,Tracking Tag,2024-06-12 02:57:06
Device_5,18.7026,20.1434,7.886,Tracking Tag,2024-06-12 02:57:07
Device_5,19.7531,18.4321,9.3882,Tracking Tag,2024-06-12 02:57:08
Device_5,18.3867,19.5895,11.0879,Tracking Tag,2024-06-12 02:57:09
Device_5,18.116,18.0544,9.1877,Tracking Tag,2024-06-12 02:57:10
Device_5,16.8001,18.077,7.8046,Tracking Tag,2024-06-12 02:57:11
Device_5,17.673,17.8612,8.9365,Tracking Tag,2024-06-12 02:57:12
Device_5,17.6288,17.0289,10.6991,Tracking Tag,2024-06-12 02:57:13
Device_5,19.3614,15.7983,11.7153,Tracking Tag,2024-06-12 02:57:14
Device_5,19.2912,15.1121,9.9711,Tracking Tag,2024-06-12 02:57:15
Device_5,18.6345,15.401,10.3854,Tracking Tag,2024-06-12 02:57:16
Device_5,16.8586,15.7281,11.3105,Tracking Tag,2024-06-12 02:57:17
Device_5,16.3599,17.5344,10.4391,Tracking Tag,2024-06-12 02:57:18
Device_5,16.0951,17.2453,10.1525,Tracking Tag,2024-06-12 02:57:19
Device_5,16.686,16.1279,10.8064,Tracking Tag,2024-06-12 02:57:20
Device_5,18.6749,15.4153,11.7744,Tracking Tag,2024-06-12 02:57:21
Device_5,19.2295,15.9528,11.1333,Tracking Tag,2024-06-12 02:57:22
Device_5,18.3425,15.7062,11.5189,Tracking Tag,2024-06-12 02:57:23
Device_5,16.8198,14.5547,13.111,Tracking Tag,2024-06-12 02:57:24
Device_5,15.5562,12.7964,13.3752,Tracking Tag,2024-06-12 02:57:25
Device_5,14.7131,13.5502,11.8742,Tracking Tag,2024-06-12 02:57:26
Device_5,12.919,14.0446,13.206,Tracking Tag,2024-06-12 02:57:27
Device_5,11.0281,15.6374,11.9751,Tracking Tag,2024-06-12 02:57:28
Device_5,12.9728,16.1136,10.5783,Tracking Tag,2024-06-12 02:57:29
Device_5,13.1329,16.6522,8.5906,Tracking Tag,2024-06-12 02:57:30
Device_5,14.7891,14.7201,8.4357,Tracking Tag,2024-06-12 02:57:31
Device_5,14.6446,14.7557,9.0396,Tracking Tag,2024-06-12 02:57:32
Device_5,12.8937,16.3463,7.1227,Tracking Tag,2024-06-12 02:57:33
Device_5,12.0283,15.5947,7.6803,Tracking Tag,2024-06-12 02:57:34
Device_5,10.9156,17.0284,8.3904,Tracking Tag,2024-06-12 02:57:35
Device_5,10.8487,15.7224,6.6865,Tracking Tag,2024-06-12 02:57:36
Device_5,12.4067,16.2053,8.4324,Tracking Tag,2024-06-12 02:57:37
Device_5,13.0228,16.7578,7.0831,Tracking Tag,2024-06-12 02:57:38
Device_5,12.6373,17.3788,6.5207,Tracking Tag,2024-06-12 02:57:39
Device_5,11.5127,18.7752,5.7388,Tracking Tag,2024-06-12 02:57:40
Device_5,12.6478,18.4435,4.3951,Tracking Tag,2024-06-12 02:57:41
Device_5,12.5752,19.7841,5.8345,Tracking Tag,2024-06-12 02:57:42
Device_5,12.008,21.4143,6.9501,Tracking Tag,2024-06-12 02:57:43
Device_5,12.5679,19.5752,6.796,Tracking Tag,2024-06-12 02:57:44
Device_5,13.4692,19.2361,8.7939,Tracking Tag,2024-06-12 02:57:45
Device_5,13.9376,20.9386,8.3722,Tracking Tag,2024-06-12 02:57:46
Device_5,12.4942,20.4171,8.8426,Tracking Tag,2024-06-12 02:57:47
Device_5,11.7358,22.0663,9.704,Tracking Tag,2024-06-12 02:57:48
Device_5,13.0931,20.7858,10.2024,Tracking Tag,2024-06-12 02:57:49
Device_5,12.0027,21.4305,8.5432,Tracking Tag,2024-06-12 02:57:50
Device_5,10.8588,23.3213,10.1052,Tracking Tag,2024-06-12 02:57:51
Device_5,11.2463,24.1895,8.5389,Tracking Tag,2024-06-12 02:57:52
Device_5,11.0126,24.2954,6.8768,Tracking Tag,2024-06-12 02:57:53
Device_5,11.5267,23.9183,7.1657,Tracking Tag,2024-06-12 02:57:54
Device_5,11.7344,22.5595,6.7483,Tracking Tag,2024-06-12 02:57:55
Device_5,11.8193,22.695,6.0088,Tracking Tag,2024-06-12 02:57:56
Device_5,10.6868,23.5209,7.3053,Tracking Tag,2024-06-12 02:57:57
Device_5,11.668,25.0,6.8698,Tracking Tag,2024-06-12 02:57:58
Device_5,12.401,24.3679,8.0077,Tracking Tag,2024-06-12 02:57:59
Device_5,13.4724,23.9123,9.8218,Tracking Tag,2024-06-12 02:58:00
Device_5,13.1413,24.6531,8.7255,Tracking Tag,2024-06-12 02:58:01
Device_5,14.7555,23.9507,10.2643,Tracking Tag,2024-06-12 02:58:02
Device_5,16.1774,24.0494,12.2388,Tracking Tag,2024-06-12 02:58:03
Device_5,16.1899,25.0,11.5463,Tracking Tag,2024-06-12 02:58:04
Device_5,18.0975,25.0,12.5663,Tracking Tag,2024-06-12 02:58:05
Device_5,16.615,23.6965,11.8283,Tracking Tag,2024-06-12 02:58:06
Device_5,18.4927,23.2372,10.8909,Tracking Tag,2024-06-12 02:58:07
Device_5,20.1243,21.8221,12.8818,Tracking Tag,2024-06-12 02:58:08
Device_5,20.0153,20.4139,12.5578,Tracking Tag,2024-06-12 02:58:09
Device_5,19.3638,20.5734,11.1297,Tracking Tag,2024-06-12 02:58:10
Device_5,20.5148,19.5266,11.8783,Tracking Tag,2024-06-12 02:58:11
Device_5,22.0663,19.3785,10.2064,Tracking Tag,2024-06-12 02:58:12
Device_5,20.3767,18.4124,10.391,Tracking Tag,2024-06-12 02:58:13
Device_5,20.8699,18.1279,8.9988,Tracking Tag,2024-06-12 02:58:14
Device_5,19.9953,18.9534,10.2598,Tracking Tag,2024-06-12 02:58:15
Device_5,18.4217,18.2987,9.001,Tracking Tag,2024-06-12 02:58:16
Device_5,16.5559,17.2355,10.5988,Tracking Tag,2024-06-12 02:58:17
Device_5,18.4462,16.9675,11.6674,Tracking Tag,2024-06-12 02:58:18
Device_5,18.5959,17.3806,12.4171,Tracking Tag,2024-06-12 02:58:19
Device_5,17.0092,16.4801,11.7859,Tracking Tag,2024-06-12 02:58:20
Device_5,15.8,15.1766,11.9856,Tracking Tag,2024-06-12 02:58:21
Device_5,17.3688,15.1292,12.067,Tracking Tag,2024-06-12 02:58:22
Device_5,19.0975,13.5923,12.5956,Tracking Tag,2024-06-12 02:58:23
Device_5,17.2119,13.2057,12.5964,Tracking Tag,2024-06-12 02:58:24
Device_5,16.8466,14.9528,14.4384,Tracking Tag,2024-06-12 02:58:25
Device_5,16.1628,13.4449,12.716,Tracking Tag,2024-06-12 02:58:26
Device_5,16.4785,13.738,14.577,Tracking Tag,2024-06-12 02:58:27
Device_5,17.5745,13.2403,12.6425,Tracking Tag,2024-06-12 02:58:28
Device_5,18.1046,12.2922,13.7203,Tracking Tag,2024-06-12 02:58:29
Device_5,19.2859,11.0141,11.961,Tracking Tag,2024-06-12 02:58:30
Device_5,19.1164,9.6311,11.8469,Tracking Tag,2024-06-12 02:58:31
Device_5,20.1237,10.8128,13.3859,Tracking Tag,2024-06-12 02:58:32
Device_5,18.5043,11.6881,14.7816,Tracking Tag,2024-06-12 02:58:33
Device_5,17.7599,10.6235,16.2031,Tracking Tag,2024-06-12 02:58:34
Device_5,18.547,12.2326,14.3585,Tracking Tag,2024-06-12 02:58:35
Device_5,19.582,10.355,16.1788,Tracking Tag,2024-06-12 02:58:36
Device_5,20.5166,10.6449,17.5867,Tracking Tag,2024-06-12 02:58:37
Device_5,21.8605,9.3133,16.5845,Tracking Tag,2024-06-12 02:58:38
Device_5,21.5202,7.8568,16.508,Tracking Tag,2024-06-12 02:58:39
Device_5,19.7634,7.3382,16.3096,Tracking Tag,2024-06-12 02:58:40
Device_5,21.5843,7.3214,17.6267,Tracking Tag,2024-06-12 02:58:41
Device_5,21.2137,6.2069,17.3632,Tracking Tag,2024-06-12 02:58:42
Device_5,19.2748,6.5015,15.9627,Tracking Tag,2024-06-12 02:58:43
Device_5,20.4137,6.0545,14.0214,Tracking Tag,2024-06-12 02:58:44
Device_5,19.847,7.8763,12.5633,Tracking Tag,2024-06-12 02:58:45
Device_5,20.1431,7.0856,12.1194,Tracking Tag,2024-06-12 02:58:46
Device_5,21.6981,6.8435,12.1719,Tracking Tag,2024-06-12 02:58:47
Device_5,23.3546,6.1039,14.0941,Tracking Tag,2024-06-12 02:58:48
Device_5,22.8391,6.3091,13.2315,Tracking Tag,2024-06-12 02:58:49
Device_5,23.1199,6.2397,14.626,Tracking Tag,2024-06-12 02:58:50
Device_5,22.2015,4.3799,16.5593,Tracking Tag,2024-06-12 02:58:51
Device_5,23.0844,3.5359,15.1234,Tracking Tag,2024-06-12 02:58:52
Device_5,22.3534,4.9416,14.2922,Tracking Tag,2024-06-12 02:58:53
Device_5,23.7848,6.6168,12.6852,Tracking Tag,2024-06-12 02:58:54
Device_5,22.1355,8.3833,14.6256,Tracking Tag,2024-06-12 02:58:55
Device_5,23.2204,8.0542,16.5974,Tracking Tag,2024-06-12 02:58:56
Device_5,21.648,7.9396,16.6464,Tracking Tag,2024-06-12 02:58:57
Device_5,20.8029,9.3008,17.2595,Tracking Tag,2024-06-12 02:58:58
Device_5,22.3215,10.5215,16.7679,Tracking Tag,2024-06-12 02:58:59
Device_5,22.4261,11.8973,18.6277,Tracking Tag,2024-06-12 02:59:00
Device_5,23.3227,12.614,20.5234,Tracking Tag,2024-06-12 02:59:01
Device_5,24.4342,14.5658,22.0887,Tracking Tag,2024-06-12 02:59:02
Device_5,23.4507,15.9281,21.6371,Tracking Tag,2024-06-12 02:59:03
Device_5,21.5782,16.029,19.9473,Tracking Tag,2024-06-12 02:59:04
Device_5,23.4502,15.0196,18.3958,Tracking Tag,2024-06-12 02:59:05
Device_5,24.89,14.6103,16.4924,Tracking Tag,2024-06-12 02:59:06
Device_5,25.0,15.1019,14.537,Tracking Tag,2024-06-12 02:59:07
Device_5,25.0,15.1242,15.9237,Tracking Tag,2024-06-12 02:59:08
Device_5,25.0,15.1523,17.6164,Tracking Tag,2024-06-12 02:59:09
Device_5,25.0,15.3837,17.4533,Tracking Tag,2024-06-12 02:59:10
Device_5,24.274,14.6183,19.0256,Tracking Tag,2024-06-12 02:59:11
Device_5,23.5235,13.7845,18.5166,Tracking Tag,2024-06-12 02:59:12
Device_5,22.5432,12.3737,19.2453,Tracking Tag,2024-06-12 02:59:13
Device_5,21.0017,10.6666,17.9189,Tracking Tag,2024-06-12 02:59:14
Device_5,22.8028,10.7702,17.8268,Tracking Tag,2024-06-12 02:59:15
Device_5,24.0234,10.2106,19.1686,Tracking Tag,2024-06-12 02:59:16
Device_5,23.5261,9.2545,19.9163,Tracking Tag,2024-06-12 02:59:17
Device_5,21.7535,10.9414,20.24,Tracking Tag,2024-06-12 02:59:18
Device_5,23.5311,12.315,20.8014,Tracking Tag,2024-06-12 02:59:19
Device_5,24.3442,12.6358,21.4235,Tracking Tag,2024-06-12 02:59:20
Device_5,23.3851,11.9715,21.9629,Tracking Tag,2024-06-12 02:59:21
Device_5,24.5004,10.8841,21.0413,Tracking Tag,2024-06-12 02:59:22
Device_5,23.6397,10.6209,21.2712,Tracking Tag,2024-06-12 02:59:23
Device_5,22.8067,10.5377,21.1192,Tracking Tag,2024-06-12 02:59:24
Device_5,24.1278,10.6794,22.6862,Tracking Tag,2024-06-12 02:59:25
Device_5,24.8457,10.3755,24.2519,Tracking Tag,2024-06-12 02:59:26
Device_5,24.4984,11.4139,24.6838,Tracking Tag,2024-06-12 02:59:27
Device_5,25.0,13.3693,24.3765,Tracking Tag,2024-06-12 02:59:28
Device_5,24.9437,13.6766,22.3913,Tracking Tag,2024-06-12 02:59:29
Device_5,25.0,13.1435,22.278,Tracking Tag,2024-06-12 02:59:30
Device_5,25.0,12.5296,21.686,Tracking Tag,2024-06-12 02:59:31
Device_5,23.7343,14.3592,22.6497,Tracking Tag,2024-06-12 02:59:32
Device_5,24.6315,16.0202,22.8712,Tracking Tag,2024-06-12 02:59:33
Device_5,25.0,15.6859,24.6305,Tracking Tag,2024-06-12 02:59:34
Device_5,25.0,14.6403,25.0,Tracking Tag,2024-06-12 02:59:35
Device_5,24.9848,14.8212,25.0,Tracking Tag,2024-06-12 02:59:36
Device_5,23.1045,16.6285,24.7342,Tracking Tag,2024-06-12 02:59:37
Device_5,24.2878,18.3287,24.4743,Tracking Tag,2024-06-12 02:59:38
Device_5,25.0,18.8834,22.73,Tracking Tag,2024-06-12 02:59:39
Device_5,23.532,18.5029,23.8827,Tracking Tag,2024-06-12 02:59:40
